Date,NIFTY,BANKNIFTY,NIFTY_AUTO,NIFTY_CONSUMER_DURABLE,NIFTY_FIN_SERV,NIFTY_FMCG,NIFTYIT,NIFTY_MEDIA,NIFTY_METAL,NIFTY_OIL_GAS,NIFTY_PHARMA,NIFTY_PSU_BANK,NIFTY_PVT_BANK,NIFTY500_HEALTHCARE,NIFTY_REALITY,NIFTY_CONSUM,NIFTY_INDIA_DIGITAL
1784226600000,24334.3,58521.4,27099.8,27020.4,26903.3,48748.7,29226.6,1521.45,12437,27020.4,25645,8381.75,28508.5,27020.4,918.7,11705,27020.4
1784140200000,24072.8,57582.2,26767.6,27564.1,26556.7,48408,28722.6,1521.4,12495.9,27564.1,26008.1,8347.9,27915.6,27564.1,906.15,11660.1,27564.1
1784053800000,24078.5,57757.9,26645.1,27869.8,26693.3,48286.5,28532.2,1503.7,12536.9,27869.8,26003.6,8386.85,28002.5,27869.8,915.15,11635,27869.8
1783967400000,24052.1,57462.3,26547.5,28309.8,26536.7,48524.9,28724.8,1510.6,12677.7,28309.8,25907.1,8307.9,27915.9,28309.8,918.65,11611.4,28309.8
1783881000000,24211,58131.4,26981.5,28339.7,26836.2,48809.9,29015.8,1515.3,12601.5,28339.7,25643.3,8460.6,28154.1,28339.7,937.15,11667.2,28339.7
1783621800000,24206.9,58045.9,26860.8,28295.1,26831.1,49310.6,28010.4,1484.3,12688.9,28295.1,25674.1,8451.6,28083.9,28295.1,938.6,11737.8,28295.1
1783535400000,23962.8,57252.4,26676.3,28455,26482.4,49350.1,27471.2,1482.8,12503.3,28455,25656.2,8203.2,27762.8,28455,906.95,11700.4,28455
1783449000000,23882.1,56742.6,26733.4,28210.6,26323.8,48977.4,27555.2,1452.45,12468.7,28210.6,25429.8,8072.3,27591.7,28210.6,875.95,11628.6,28210.6
1783362600000,24398.7,58200.7,27343.5,28069.5,26985.1,50225.9,27939.2,1486.8,12582.8,28069.5,25677.7,8298.3,28305.3,28069.5,892.6,11874.3,28069.5
1783276200000,24430.3,58291.5,27353.9,28463.2,26993.8,50196.4,27276.4,1497.95,12722.5,28463.2,25866.2,8333.95,28347.2,28463.2,906.95,11873.2,28463.2
1783017000000,24270.8,57938.5,26988.1,28287.4,26875.1,50096.4,27439.4,1512.3,12598.5,28287.4,25745.2,8407.6,28215.4,28287.4,890.8,11795.7,28287.4
1782930600000,24175.7,58031.6,27108.2,28306.2,26862.4,50084.7,26965.1,1519.15,12503.9,28306.2,25308.9,8539.35,28215.4,28306.2,871.7,11768,28306.2
1782844200000,24005.8,58033.1,26783.2,28126.3,26797.8,49806.8,25769.8,1509.05,12394.8,28126.3,25182.7,8576.6,28177.8,28126.3,859.25,11692.6,28126.3
1782757800000,23865.8,57542.9,26479.8,28385.2,26554.6,48794.2,26299.1,1478.4,12519.2,28385.2,25326.4,8492.65,27929.2,28385.2,829.55,11514.9,28385.2
1782671400000,23946.2,57727.4,26417.6,28276.9,26598.3,49127.6,27038.5,1489.85,12545,28276.9,25227.9,8553.85,28050.2,28276.9,818.85,11491.4,28276.9
1782325800000,24056,58177.1,26977.8,28186.2,26770.6,49419.2,27330.8,1509.8,12445.7,28186.2,24969.5,8636.1,28322.6,28186.2,826.25,11592.9,28186.2
1782239400000,24021.7,58150.4,26384.3,28154.1,26736,49085.1,27566.7,1519.3,12618.8,28154.1,25018.9,8628.2,28276.8,28154.1,823.55,11509.2,28154.1
1782153000000,23824.1,57183.8,26496.5,27807.1,26329.3,49059.1,27012.1,1514.4,12669.1,27807.1,24989.9,8591,27762.6,27807.1,806.05,11510,27807.1
1782066600000,24102.9,57935.6,26703.4,27689.3,26585.6,49355.1,27628.6,1536.95,13091.2,27689.3,24762.9,8763.9,27977.9,27689.3,815.15,11607.8,27689.3
1781807400000,24013.1,57685.8,26583.3,27802.6,26431.2,49558.7,27426.8,1515.4,13020.8,27802.6,24460.3,8716.5,27892.1,27802.6,811.9,11621.6,27802.6
1781721000000,24168,57963.8,26746.4,27674.1,26581.9,49654.5,28466.4,1513.95,13010.4,27674.1,24282.2,8770.7,28031.3,27674.1,820.2,11616,27674.1
1781634600000,24085.7,57585.1,26724.4,26799,26404.9,49556.1,28809.6,1505.65,13011.4,26799,24146.6,8713.1,27893.3,26799,814.6,11555.2,26799
1781548200000,23989.2,57297.1,26891.6,26699.1,26442.3,49642.4,28568.1,1506.3,12881.5,26699.1,24157.8,8563.2,27916.9,26699.1,818.1,11485.8,26699.1
1781461800000,23853.9,57198.8,26977.5,27330.8,26274.8,49043.4,28067.9,1485.5,13083.8,27330.8,24220.1,8581.3,27811.6,27330.8,800.05,11422.9,27330.8
1781202600000,23622.9,56814.8,26293.8,27509.6,25943.3,48827.6,27795.8,1487.6,12854.5,27509.6,24380.1,8528.75,27649.7,27509.6,769.6,11229,27509.6
1781116200000,23161.6,55176.8,25790.3,27335.2,25152,48521.8,27821.1,1465.5,12733.6,27335.2,24306.9,8303.95,26886.3,27335.2,743.35,11047.8,27335.2
1781029800000,23214.9,55100.3,25833.6,27058,25206.2,48957,28279.9,1439.85,12766.5,27058,24160.8,8378.7,26740.3,27058,748.15,11106.2,27058
1780943400000,23242.1,55194.5,26025.7,26821.3,25152.4,48447.4,28516.2,1474.6,12987.1,26821.3,24290.3,8496.6,26549.8,26821.3,761.4,11146.1,26821.3
1780857000000,23123,54063.8,25681.8,27149.9,24805,48098.6,28653.6,1476.8,12913.7,27149.9,24147.7,8199.55,26122.4,27149.9,749.2,11083.5,27149.9
1780597800000,23366.7,54496.2,26165.9,26963.5,25056.8,48302.4,29010.3,1502.45,13221.7,26963.5,24248.1,8259.05,26299.2,26963.5,768.9,11193.3,26963.5
1780511400000,23416.6,54307.9,26144.3,27200.6,25031.2,48216,29300.6,1451.9,13436,27200.6,24177.9,8219.35,26238.5,27200.6,764.6,11185.9,27200.6
1780425000000,23405.6,54185.9,26092.8,27518.9,24955.7,48123.9,29384.4,1420.8,13535.2,27518.9,24086.6,8185.9,26193.4,27518.9,762.6,11135.3,27518.9
1780338600000,23483.6,53714.6,26079.4,27523.2,24861.2,48612.8,31116.6,1429.25,13557.7,27523.2,24006.3,8049.15,26011.3,27523.2,773.35,11166.7,27523.2
1780252200000,23382.6,53643.1,25891.9,27501.4,25008.4,48247.7,29854.2,1427.55,13506.5,27501.4,24214.2,8005.5,26068,27501.4,768.2,11084,27501.4
1779993000000,23547.8,54239.2,26338.4,27586,25354,49383.4,29080.2,1408.3,13441,27586,24345.8,8156.15,26326.4,27586,782.55,11261,27586
1779820200000,23907.2,54853.9,26864.2,27518.5,25752.2,50141.9,28906.7,1417.15,13718.3,27518.5,24716,8225.45,26638.8,27518.5,784.55,11473.6,27518.5
1779733800000,23913.7,55092.9,26480.5,27382.1,25932.2,50227.4,28978.5,1375.15,13492.5,27382.1,24659.2,8200.2,26760.8,27382.1,782,11399.2,27382.1
1779647400000,24031.7,55293.6,26463.1,27672.6,26102.2,50157.8,28979.8,1378.45,13345.7,27672.6,24674.7,8238.1,26927.1,27672.6,786.05,11414.2,27672.6
1779388200000,23719.3,54055.4,26017.1,27853.3,25531.5,50249.8,28912.5,1374.55,13271.6,27853.3,24573.9,8006.15,26376.2,27853.3,774.4,11310.2,27853.3
1779301800000,23654.7,53439.4,25986.2,27945.1,25237.2,50263.6,29021.1,1395.1,13213.5,27945.1,24890.9,7988.35,25990.1,27945.1,775.1,11312.2,27945.1
1779215400000,23659,53562.2,25914.3,27851.4,25294.6,50520.6,29185.2,1400.05,13186.5,27851.4,24843.2,7970.9,26029.5,27851.4,767.05,11312.2,27851.4
1779129000000,23618,53409.1,25698.8,27899.2,25283.4,50883.4,29308,1420.6,13163.8,27899.2,24867.4,7936.4,25965.5,27899.2,762.7,11318.7,27899.2
1779042600000,23649.9,53537,25624.3,27666.8,25349.8,50900.1,28389.8,1404,13170,27666.8,24762.8,7873,26159.9,27666.8,751.95,11324.8,27666.8
1778783400000,23643.5,53710.4,26070.7,27613.3,25343.8,51051.4,27716.9,1436.1,13300.6,27613.3,24634.8,8027.2,26100.1,27613.3,756.3,11382.4,27613.3
1778697000000,23689.6,54128.9,26049.7,27382.8,25472.5,50779.1,27360.3,1408.25,13562.2,27382.8,24551.1,8174.4,26155.6,27382.8,770.1,11386.7,27382.8
1778610600000,23412.6,53456.1,25888.9,27363.5,25116.7,50604.9,27916.7,1395.7,13290.8,27363.5,23896.1,8064.2,25854.6,27363.5,764.25,11225.5,27363.5
1778524200000,23379.6,53555.2,26142.6,27430.8,25137.2,50453.9,28234.9,1396.3,12881.4,27430.8,23840.9,8071.35,25891.6,27430.8,765.7,11197,27430.8
1778437800000,23815.8,54439.9,26753.4,27565.5,25655.4,51205.6,29329.4,1436.15,12926.4,27565.5,24170.4,8161.05,26357.2,27565.5,798.5,11434.1,27565.5
1778178600000,24176.2,55310.6,27259.8,27584.6,26011.5,51165.9,29394.2,1472.8,13051,27584.6,24110.3,8371.95,26561.7,27584.6,823.6,11638.4,27584.6
1778092200000,24326.7,56047.4,27339.9,27479.8,26449.5,51068.4,29043.5,1472.2,13165.4,27479.8,24135.5,8636.6,26781.8,27479.8,827.5,11618.5,27479.8
1778005800000,24330.9,55981.1,26823,27378.6,26392.8,51460.6,29267.9,1469.05,13129.5,27378.6,24110.3,8679.15,26700.8,27378.6,822.3,11609.5,27378.6
1777919400000,24032.8,54547.1,26192.1,27267.1,25716.9,51593.6,29107.3,1449.3,12989.6,27267.1,23568.9,8439.25,26070.5,27267.1,801.25,11457.8,27267.1
1777833000000,24119.3,54878.5,26027.7,27251.9,25814.4,51266,29076.2,1448.1,12972.7,27251.9,23475.6,8455.8,26247.3,27251.9,812.7,11444.2,27251.9
1777487400000,23997.6,54863.4,25917.6,27385.6,25657.3,51072.1,29353.9,1456,12833,27385.6,23267.7,8482.6,26281.8,27385.6,793.55,11417.3,27385.6
1777401000000,24177.7,55403.6,26085.8,27603.2,25913.9,51771.8,29245.2,1463.6,13111.3,27603.2,23260.8,8627.7,26514.6,27603.2,805.6,11520,27603.2
1777314600000,23995.7,55400.4,25790.3,27672.6,25937.5,50882.8,28959.9,1470.85,13046.5,27672.6,23158.2,8663.05,26399.2,27672.6,793.85,11404,27672.6
1777228200000,24092.7,56264.3,26053.2,27561.9,26164.7,51046.5,29159.2,1471.75,12980.8,27561.9,23171.8,8853.7,26727.2,27561.9,797.15,11445.5,27561.9
1776969000000,23897.9,56089.8,25652.8,27404.3,26141.8,50766.2,28530.6,1438.7,12746.7,27404.3,22580.1,8811.2,26717.3,27404.3,778,11337.1,27404.3
1776882600000,24173.1,56305,25828.1,27549.8,26247.2,51140.5,30124.3,1466.1,12786.2,27549.8,22986.3,8824.25,26845.6,27549.8,788.65,11424.8,27549.8
1776796200000,24378.1,57124.4,26450.2,27687.2,26625.2,51199,30496.2,1453.05,12892.2,27687.2,22455.4,9022.2,27200.6,27687.2,803.35,11557.5,27687.2
1776709800000,24576.6,57371.4,26625.2,27881.9,26850.8,50820.1,31729.1,1443.15,12835,27881.9,22438.4,9011.45,27401.1,27881.9,798.75,11589.2,27881.9
1776623400000,24364.8,56582.4,26522.3,27611.4,26537.1,49555.8,31585.8,1429.35,12829.7,27611.4,22456.8,8940.45,26995.4,27611.4,782.05,11444.8,27611.4
1776364200000,24353.6,56565.7,26435,27629.6,26521.2,49657.8,31809.8,1416.6,12880,27629.6,22497.2,8862.9,27087.4,27629.6,786.9,11414,27629.6
1776277800000,24196.8,56086.4,26382.8,27565.2,26343.6,48377.9,31817.5,1397.9,12740.2,27565.2,22465,8797.6,26877.4,27565.2,779.55,11282.5,27565.2
1776191400000,24231.3,56301.9,26483.1,27814.5,26445,48290.4,31539.8,1389.65,12548,27814.5,22435.7,8812.4,27029.7,27814.5,776.55,11269.3,27814.5
1776018600000,23842.7,55605.1,26084.6,27890.2,26047.5,47570.4,30669.8,1360.4,12329.3,27890.2,22100.1,8713.9,26702.4,27890.2,757.2,11080.2,27890.2
1775759400000,24050.6,55912.8,26640.9,27946.2,26213.9,48194.1,31030.6,1365.2,12356.4,27946.2,22164.8,8778.25,26779.9,27946.2,759.25,11219.3,27946.2
1775673000000,23775.1,54821.7,25901.9,27799.5,25685.8,47640.7,31636.2,1338.95,12229.7,27799.5,22135.4,8605.7,26259.8,27799.5,743.75,11048.2,27799.5
1775586600000,23997.3,55703.9,26002.9,27409.4,26053.1,47704.2,31565.8,1349.75,12079,27409.4,21991.2,8716.1,26727.8,27409.4,745.75,11093,27409.4
1775500200000,23123.7,52716.2,24373.3,27498.7,24685.6,46980.1,31403.3,1310.9,11762.7,27498.7,21868.7,8264.8,25321.2,27498.7,698.6,10704.4,27498.7
1775413800000,22968.2,52609.1,24350.4,27566.2,24603.1,46600.1,30636.6,1300.5,11583.5,27566.2,21835.3,8323.95,25197.8,27566.2,687.1,10655.9,27566.2
1775068200000,22713.1,51548.8,24089.7,27861.3,24041.6,46232.1,30441.4,1303.35,11456.6,27861.3,21808.4,8134.4,24665.8,27861.3,672.1,10527.2,27861.3
1774981800000,22679.4,51448.6,24238.8,27643.7,23981.8,46135.9,29669.1,1308.4,11412,27643.7,22011.6,8164.8,24569.8,27643.7,665,10545,27643.7
1774809000000,22331.4,50275.4,23769.6,27546.8,23521.8,45538.6,29062.6,1261.85,11138.4,27546.8,22232.2,7873.45,24144.8,27546.8,651.15,10334.3,27546.8
1774549800000,22819.6,52274.6,24351.9,27646.2,24373.2,46427.2,29541.7,1294.2,11161.7,27646.2,22565.6,8249.45,24986.7,27646.2,670.15,10559,27646.2
1774377000000,23306.4,53708.1,25058.6,27491.8,25056.3,47283.4,29671.3,1311.15,11342.2,27491.8,22679.8,8581.05,25498.8,27491.8,692.1,10765.4,27491.8
1774290600000,22912.4,52605.6,24515.2,27396.2,24482.2,46408.3,29648.9,1296.55,11059.2,27396.2,22239.8,8357.55,25046.2,27396.2,673.95,10533.4,27396.2
1774204200000,22512.7,51437.8,23934.8,27337.3,23959.2,45837.1,29147.1,1253.35,10863.5,27337.3,22053.1,8231.65,24436.9,27337.3,663.4,10338,27337.3
1773945000000,23114.5,53427.1,24715.9,27279.3,24781.2,47007.6,29199.6,1305.1,11412.8,27279.3,22540.7,8584.6,25267.7,27279.3,696.4,10671.7,27279.3
1773858600000,23002.2,53451,24509.9,27305.1,24951.8,46861.9,28579.6,1311.45,11249.3,27305.1,22101.7,8410.3,25399.7,27305.1,702.95,10591.7,27305.1
1773772200000,23777.8,55326.1,25598.8,27238.8,25927.3,48079,29559.3,1351.7,11625.5,27238.8,22632.6,8661.95,26295.9,27238.8,730.8,10941.5,27238.8
1773685800000,23581.2,54876,25117.1,27033.1,25724.7,48104.4,28760.9,1307.9,11637.3,27033.1,22597.6,8596.95,26066.2,27033.1,711.25,10814.5,27033.1
1773599400000,23408.8,54413.4,24599.1,27195.8,25515.2,48468.9,29042.6,1293.5,11318,27195.8,22547.2,8568.4,25825.2,27195.8,698.65,10694.4,27195.8
1773340200000,23151.1,53757.9,24195.1,27306.2,25138.7,47924.1,29071.3,1301.1,11292.5,27306.2,22832.2,8516.55,25510,27306.2,709.8,10575,27306.2
1773253800000,23639.2,55100.9,25098,27138.8,25663.2,48189.1,29579.4,1349.15,11863.9,27138.8,23275.2,8846.05,26056.7,27138.8,719.5,10755.1,27138.8
1773167400000,23866.8,55735.8,25926,27376,25920.8,49059.7,29651.7,1344.75,11822.1,27376,23348.1,8848.4,26480.2,27376,731.4,10928.6,27376
1773081000000,24261.6,56950.8,26770.6,27587.7,26535.2,49603.6,30024.1,1351.75,11868.5,27587.7,23253.7,9013.8,27134.3,27587.7,744.15,11134.7,27587.7
1772994600000,24028.1,56019.8,25965.9,27453.9,26039.3,49192.4,30162.1,1331.7,11688.8,27453.9,22933.8,8819.3,26657.2,27453.9,732.8,10972.5,27453.9
1772735400000,24450.4,57783.2,27076.4,27519,26652.4,49970.6,30138.4,1354.55,12000.5,27519,22970.2,9184.35,27418.6,27519,742,11194.5,27519
1772649000000,24765.9,59055.9,27366.8,27395.3,27235.8,50000.8,30126.8,1362.45,12049.2,27395.3,23005.5,9372.6,28054.1,27395.3,757.8,11310,27395.3
1772562600000,24480.5,58755.2,26867.2,27556.7,27020.4,49797.5,30305.3,1348,11779.8,27556.7,22672.2,9327.25,27929.1,27556.7,744.15,11189,27556.7
1772389800000,24865.7,59839.6,27540.1,27536.8,27564.1,50751.6,30272.9,1390.35,12269.8,27536.8,22956.7,9639.35,28357.9,27536.8,768.05,11352.8,27536.8
1772130600000,25178.7,60529,28158.8,27505.5,27869.8,51142.2,30603.8,1416.15,12240.7,27505.5,22952.3,9820.45,28617.6,27505.5,780.6,11537.1,27505.5
1772044200000,25496.6,61187.7,28693.4,27538.6,28309.8,52023,30554.2,1407.75,12448,27538.6,23301.7,9879.85,28999.8,27538.6,798.65,11710.5,27538.6
1771957800000,25482.5,61043.4,28466.5,27381.2,28339.7,52105.3,30526.3,1417.4,12399.4,27381.2,23051.8,9787.2,28980.9,27381.2,796.85,11703.7,27381.2
1771871400000,25424.7,61047.3,27950,27071.8,28295.1,52235.2,30053.5,1410.9,12073.8,27071.8,22632.1,9825.05,28872.6,27071.8,798.35,11664,27071.8
1771785000000,25713,61264.2,28077,26828.3,28455,52136.4,31550.5,1429.6,11962.8,26828.3,22578.6,9796.85,29008.1,26828.3,819.15,11765.5,26828.3
1771525800000,25571.2,61172,27846.8,26885.2,28210.6,51772.7,32004.1,1426.8,11990,26885.2,22452.4,9665.8,28908.6,26885.2,820.7,11710.7,26885.2
1771439400000,25454.3,60739.6,27734,26842.2,28069.5,51483.6,32319.4,1430.75,11842.4,26842.2,22429.1,9505.95,28760.4,26842.2,817.85,11675.8,26842.2
1771353000000,25819.3,61550.8,28327.6,26724.3,28463.2,52406.5,32668.3,1463.4,11985.8,26724.3,22541.9,9625.65,29187.9,26724.3,839.3,11913.3,26724.3
1771266600000,25725.4,61174,28174.6,26656.4,28287.4,51778.3,33075.1,1459.95,11828.4,26656.4,22494.9,9500.8,29031.7,26656.4,834.15,11858.1,26656.4
1771180200000,25682.8,60949.1,28028.2,26777.3,28306.2,51318.9,32738.1,1450.05,11955,26777.3,22403.2,9304.4,29031.8,26777.3,836.7,11821.5,26777.3
1770921000000,25471.1,60186.6,28234.3,26712.1,28126.3,50902.1,32681.5,1462.8,11872.8,26712.1,22194.9,9166.5,28691.8,26712.1,823.6,11781.7,26712.1
1770834600000,25807.2,60739.8,28504.1,26426.8,28385.2,51885.8,33160.2,1474.05,12279.2,26426.8,22386.3,9229.45,28987.1,26426.8,842.35,11976.5,26426.8
1770748200000,25953.8,60745.4,28538.7,26382.2,28276.9,52152.1,35095.1,1493.6,12276.5,26382.2,22434.2,9250.2,29016.2,26382.2,854.75,12012.4,26382.2
1770661800000,25935.2,60626.4,28173.2,26022.1,28186.2,52130.4,35722.2,1486.3,12228.3,26022.1,22210.5,9155.75,29063.6,26022.1,849.4,11945.8,26022.1
1770575400000,25867.3,60669.4,27791.4,26007,28154.1,52047.3,35616.6,1451.5,12129.5,26007,22290.7,9172.85,29010.1,26007,846.35,11873.4,26007
1770316200000,25693.7,60120.6,27519.6,25985.2,27807.1,51882.8,35611.1,1390.75,11943.2,25985.2,21961.3,8876.2,28944.2,25985.2,824.85,11799.8,25985.2
1770229800000,25642.8,60063.6,27664.5,26247.4,27689.3,50731.6,36143.3,1393,11921.2,26247.4,22119.9,8921.7,28761.6,26247.4,819.7,11717.2,26247.4
1770143400000,25776,60238.1,27825.4,26388.4,27802.6,50922.8,36345.6,1394.35,12044.2,26388.4,22125.8,8887.5,28928.8,26388.4,824.45,11787.2,26388.4
1770057000000,25727.6,60041.3,27500.3,26559.5,27674.1,50806.6,38611.8,1381.7,11893.2,26559.5,22200.2,8819.6,28911.8,26559.5,815.3,11622.8,26559.5
1769970600000,25088.4,58619,26749.2,26528.4,26799,50623.2,38074.1,1361.35,11561.5,26528.4,21549.6,8591.7,28205.7,26528.4,778,11397.8,26528.4
1769884200000,24825.4,58417.2,26190.7,26527.6,26699.1,50042.8,38252.9,1360.2,11348.7,26527.6,21535.3,8517.2,28204.9,26527.6,765.65,11271.7,26527.6
1769711400000,25320.7,59610.4,26750.3,26698.7,27330.8,51215.2,38036.1,1385.2,11827.5,26698.7,21715.1,9019.35,28553.2,26698.7,783,11469,26698.7
1769625000000,25418.9,59957.9,26555.4,26563.6,27509.6,50523.9,38431.3,1360.1,12478,26563.6,21564,9014.2,28734.4,26563.6,776.5,11387.2,26563.6
1769538600000,25342.8,59598.8,26737.6,26495.3,27335.2,50985.4,38725.4,1360.4,12106.5,26495.3,21739.8,9085.8,28440.8,26495.3,771.3,11458,26495.3
1769452200000,25175.4,59205.4,26554,26393.1,27058,51349.8,38566.1,1332.05,11829.7,26393.1,21788.4,8935.75,28281.9,26393.1,759.4,11444.8,26393.1
1769106600000,25048.7,58473.1,26804.6,26363.2,26821.3,51662.1,38238.5,1351.55,11477.8,26363.2,21722.2,8781.05,28001.9,26363.2,756.35,11532.8,26363.2
1769020200000,25289.9,59200.1,27110.2,26178.7,27149.9,51978.4,38301.8,1386.35,11573.7,26178.7,21928,8984.8,28306.7,26178.7,782.5,11692.2,26178.7
1768933800000,25157.5,58800.3,26871.2,26123.8,26963.5,51402.5,37992.3,1354,11439,26123.8,21584.4,8779.4,28162.7,26123.8,788.3,11662,26123.8
1768847400000,25232.5,59404.2,26948.1,25961.9,27200.6,51713,38101.1,1360.4,11374.5,25961.9,21714.3,8868.85,28405.2,25961.9,793.9,11666.3,25961.9
1768761000000,25585.5,59891.4,27632.4,25942.7,27518.9,52489.9,38902.5,1384.6,11593,25942.7,22136.2,8986.7,28679.4,25942.7,836,11924.8,25942.7
1768501800000,25694.3,60095.1,27596.2,25889.3,27523.2,52142.5,39086.6,1410.55,11600,25889.3,22217.1,9014.25,28689.6,25889.3,853,11906.7,25889.3
1768329000000,25665.6,59580.1,27721.8,25853.4,27501.4,52258.6,37822.7,1415.45,11661.4,25853.4,22505.4,8910.65,28561.8,25853.4,850.05,11989.5,25853.4
1768242600000,25732.3,59578.8,27915.1,25732.6,27586,52577.1,38236.6,1413.85,11355.2,25732.6,22562.3,8725,28569,25732.6,857.95,12042.5,25732.6
1768156200000,25790.2,59450.5,28011.8,25572.9,27518.5,52745.5,37988.2,1403.15,11315.8,25572.9,22668.4,8657.2,28559.3,25572.9,863.3,12081,25572.9
1767897000000,25683.3,59251.6,28087.7,25743.5,27382.1,52438.1,38027.2,1425.3,11094.8,25743.5,22761,8601.05,28500.7,25743.5,874,12027.8,25743.5
1767810600000,25876.8,59686.5,28414.9,25567.7,27672.6,53010.1,37920.3,1437.4,11132,25567.7,22962.6,8585.35,28774.9,25567.7,894.25,12156.6,25567.7
1767724200000,26140.8,59990.9,28692.4,25640.3,27853.3,53493.8,38688.8,1457.55,11524,25640.3,23286.2,8767.65,28880.8,25640.3,909.8,12249.9,25640.3
1767637800000,26178.7,60118.4,28922.3,25952.6,27945.1,53561.9,37977.4,1456.6,11524,25952.6,23126.8,8790.95,28879.8,25952.6,914.35,12274.7,25952.6
1767551400000,26250.3,60044.2,28894.2,26306.9,27851.4,53441.1,37771.1,1472,11490.8,26306.9,22743.4,8739.8,28886.3,26306.9,917.4,12283.2,26306.9
1767292200000,26328.6,60150.9,28803.7,26317.1,27899.2,53078.8,38320.3,1462.9,11421.8,26317.1,22790.9,8699.9,28902.9,26317.1,898.8,12256.5,26317.1
1767205800000,26146.6,59711.6,28480.6,26573.3,27666.8,53718.5,38171.5,1448.45,11256,26573.3,22632.8,8571.45,28787.9,26573.3,885.3,12236.9,26573.3
1767119400000,26129.6,59581.9,28189.6,26487.8,27613.3,55475.6,37884.1,1444.7,11167.7,26487.8,22723.7,8533.15,28721.2,26487.8,877.95,12289.5,26487.8
1767033000000,25938.8,59171.2,27889.7,26592.3,27382.8,55033.1,37998.6,1423.4,11007.7,26592.3,22540.1,8431.5,28433.2,26592.3,869.8,12182.2,26592.3
1766946600000,25942.1,58932.4,27592.5,26609.1,27363.5,55192.4,38282.7,1424.05,10789.1,26609.1,22578.3,8291.45,28352.3,26609.1,877.2,12183.4,26609.1
1766687400000,26042.3,59011.4,27739.8,26333.4,27430.8,55132.1,38572.3,1410.95,10806.2,26333.4,22684.7,8287.45,28403.8,26333.4,883.15,12231.5,26333.4
1766514600000,26142.1,59183.6,27885.7,26238.4,27565.5,55113.8,38974.8,1419.75,10742.8,26238.4,22757.4,8309.5,28460.8,26238.4,885.15,12272.3,26238.4
1766428200000,26177.2,59299.6,27892.1,26135.3,27584.6,55348.6,39173.7,1413.6,10727,26135.3,22875.1,8347.6,28501.6,26135.3,883.65,12282.8,26135.3
1766341800000,26172.4,59304,27885.3,26405.8,27479.8,55062.6,39488,1402.45,10669,26405.8,22927.9,8376.45,28510.2,26405.8,885.15,12283,26405.8
1766082600000,25966.4,59069.2,27657.2,26167.3,27378.6,54781.4,38691.6,1394.4,10521.1,26167.3,22751.2,8357.3,28411.5,26167.3,884.9,12191.2,26167.3
1765996200000,25815.6,58912.9,27321.9,26403.9,27267.1,54546.4,38633.4,1393.2,10516.2,26403.9,22557.6,8325.45,28332.9,26403.9,870.35,12103.5,26403.9
1765909800000,25818.6,58926.8,27489.2,26371.2,27251.9,54603.4,38172.1,1411.05,10490.2,26371.2,22612.2,8318.3,28338.5,26371.2,867.4,12136.8,26371.2
1765823400000,25860.1,59034.6,27542.2,26373.5,27385.6,54863.4,38062.5,1435.6,10464.3,26373.5,22591.5,8212,28465.1,26373.5,874.75,12193,26373.5
1765737000000,26027.3,59461.8,27568.1,26476.6,27603.2,54868.4,38386.3,1435.15,10553.2,26476.6,22719.4,8285.75,28818.2,26476.6,886.15,12205,26476.6
1765477800000,26046.9,59389.9,27820.8,26492.5,27672.6,54490.8,38274.8,1409.85,10536.5,26492.5,22808.7,8247.8,28802.3,26492.5,886.55,12211.9,26492.5
1765391400000,25898.6,59209.9,27661,26649.9,27561.9,54619.6,38097,1410.55,10266.8,26649.9,22783.4,8235.35,28673.8,26649.9,873.2,12139.8,26649.9
1765305000000,25758,58960.4,27358.2,26703.5,27404.3,54506,37789.9,1411.8,10159,26703.5,22561.5,8193.55,28475.1,26703.5,866.7,12075.1,26703.5
1765218600000,25839.7,59222.4,27399.2,26700.7,27549.8,54521.2,38130.6,1405.05,10112.7,26700.7,22522.8,8251.3,28596.9,26700.7,869.85,12158.3,26700.7
1765132200000,25960.6,59238.6,27596.8,26615.2,27687.2,54540.5,38590.7,1395.35,10141.8,26615.2,22640.7,8146.1,28621.6,26615.2,861.65,12170.5,26615.2
1764873000000,26186.4,59777.2,27939.1,26808,27881.9,55202.9,38703.6,1434.55,10340.3,26808,22947.2,8381.75,28862.3,26808,893.15,12376.2,26808
1764786600000,26033.8,59288.7,27732.7,27046.3,27611.4,55209.3,38360.2,1441.4,10271.5,27046.3,22958.9,8256.7,28720.6,27046.3,890.1,12349.7,27046.3
1764700200000,25986,59348.2,27643.8,27215.8,27629.6,54949.1,37825.2,1462.55,10265.2,27215.8,22907.8,8253.2,28722.8,27215.8,885.35,12325.2,27215.8
1764613800000,26032.2,59273.8,27979.5,26990.4,27565.2,55390.9,37541.2,1458.9,10315.8,26990.4,22905,8514.9,28558.8,26990.4,892.05,12460,26990.4
1764527400000,26175.8,59681.4,27993,26986.9,27814.5,55500.5,37549.8,1464.8,10353.2,26986.9,22887.8,8535.7,28758.6,26986.9,893.9,12462.5,26986.9
1764268200000,26202.9,59752.7,27774.6,26556.2,27890.2,55595.8,37405.5,1468.25,10293,26556.2,22998.3,8514.4,28789.4,26556.2,903.15,12472.2,26556.2
1764181800000,26215.6,59737.3,27603.7,26809.4,27946.2,55470.6,37446.3,1460.2,10273.8,26809.4,22863,8502.1,28792.1,26809.4,904.9,12450.3,26809.4
1764095400000,26205.3,59528.1,27696.4,26916.4,27799.5,55442.6,37364.6,1448.05,10280.7,26916.4,22862.3,8551.95,28695.3,26916.4,911.45,12497.9,26916.4
1764009000000,25884.8,58820.3,27378.7,26928.9,27409.4,55052.1,36826.9,1424.95,10073.4,26928.9,22590.9,8486.5,28283.8,26928.9,901.35,12405,26928.9
1763922600000,25959.5,58835.4,27442.2,26802.2,27498.7,55138.1,37037.9,1436.5,10017.9,26802.2,22492.4,8365.75,28348.4,26802.2,887,12422.2,26802.2
1763663400000,26068.2,58867.7,27537.8,26853.1,27566.2,55504.7,36885.4,1444.2,10142.5,26853.1,22580.9,8378.7,28396.6,26853.1,905.6,12500.2,26853.1
1763577000000,26192.2,59347.7,27554,26984.3,27861.3,55426.7,37043.3,1455.55,10386,26984.3,22687.6,8500.35,28585.1,26984.3,922.8,12499.3,26984.3
1763490600000,26052.7,59216.1,27434.4,27058.4,27643.7,55380.8,37044.6,1478.3,10384.2,27058.4,22727.7,8576.4,28495.5,27058.4,924.05,12481.1,27058.4
1763404200000,25910.1,58899.2,27368.2,27016.8,27546.8,55363.4,35975.2,1482.25,10383.7,27016.8,22713.7,8477.75,28407.7,27016.8,927.3,12431.2,27016.8
1763317800000,26013.4,58962.7,27472.7,26833.4,27646.2,55677.1,36375.2,1485.65,10495.8,26833.4,22867.6,8491.65,28416.2,26833.4,945.35,12478.2,26833.4
1763058600000,25910.1,58517.6,27239.8,26866.3,27491.8,55560.8,36301.2,1479.7,10494.8,26866.3,22821.1,8399.9,28192.5,26866.3,941.15,12389.1,26866.3
1762972200000,25879.2,58381.9,27382.8,26734.9,27396.2,55243.5,36679.5,1479.2,10588.6,26734.9,22686.8,8303.05,28149.8,26734.9,941.9,12357.2,26734.9
1762885800000,25875.8,58274.6,27485.2,26861.7,27337.3,55529.2,36855.4,1487.45,10542.5,26861.7,22593.4,8359.75,28127.8,26861.7,937.95,12389.5,26861.7
1762799400000,25694.9,58138.1,27148.2,27124.2,27279.3,55523.1,36116.9,1473.05,10559.1,27124.2,22369.6,8307.95,28046.5,27124.2,942.6,12320.1,27124.2
1762713000000,25574.3,57937.6,26859.8,27174.4,27305.1,55334.4,35688.2,1474.15,10484.5,27174.4,22379.8,8340.7,27946.4,27174.4,944.15,12224.2,27174.4
1762453800000,25492.3,57876.8,26779.6,27344.1,27238.8,55437.2,35117.6,1489.65,10426.8,27344.1,22169.8,8352.15,27934.5,27344.1,946.4,12253.2,27344.1
1762367400000,25509.7,57554.2,26626.5,27248.4,27033.1,55711.8,35337.6,1493.6,10281.9,27248.4,22250.6,8280.4,27811.3,27248.4,946.6,12325.8,27248.4
1762194600000,25597.7,57827.1,26610.1,26851.2,27195.8,55815.6,35274.6,1532.55,10499,26851.2,22334.4,8332.3,27959.9,26851.2,961.1,12384.3,26851.2
1762108200000,25763.3,58101.4,26841.8,26750.4,27306.2,56153.7,35653.1,1541,10652.8,26750.4,22442.6,8341.35,28150.2,26750.4,968.65,12446,26750.4
1761849000000,25722.1,57776.4,26809.8,26556.5,27138.8,56208.5,35712.4,1538.35,10612.2,26556.5,22175.4,8184.35,28050.7,26556.5,947.55,12415.5,26556.5
1761762600000,25877.8,58031.1,26829.6,26648.7,27376,56343.5,35906.4,1558.95,10729.2,26648.7,22298.2,8058.75,28262.9,26648.7,950.9,12501,26648.7
1761676200000,26053.9,58385.2,26948.9,26299.7,27587.7,56615.4,36090.1,1563.5,10777.5,26299.7,22430.7,8089.45,28473.4,26299.7,950.5,12576.6,26299.7
1761589800000,25936.2,58214.1,27148.3,26399.9,27453.9,56110.1,35860.4,1538.45,10596.2,26399.9,22250.9,8087.65,28435,26399.9,944.6,12550.1,26399.9
1761503400000,25966.1,58114.2,27263.7,26451.7,27519,56428.9,36129.1,1536.15,10467.2,26451.7,22310.4,7990.65,28412.8,26451.7,954.65,12601.7,26451.7
1761244200000,25795.2,57699.6,27108.7,26554.8,27395.3,56348.1,35986.4,1540.1,10347.5,26554.8,22357.3,7817.4,28335.2,26554.8,940.9,12520.2,26554.8
1761157800000,25891.4,58078.1,27218.8,26335.6,27556.7,56772.4,36078.6,1546.35,10241.8,26335.6,22481.2,7875.35,28567.1,26335.6,939.2,12567.1,26335.6
1760985000000,25868,58007.2,27229.8,26579.9,27536.8,56609.1,35299.8,1541.5,10232.8,26579.9,22515.7,7853.3,28426.9,26579.9,937.4,12633.9,26579.9
1760898600000,25843.2,58033.2,27185.4,26789.9,27505.5,56597.1,35292.6,1532.85,10191.8,26789.9,22439.9,7857.85,28427.8,26789.9,938.2,12639,26789.9
1760639400000,25709.8,57713.4,27228.6,26867.1,27538.6,56616.4,34950.7,1519.6,10199.3,26867.1,22253.8,7638.75,28239.9,26867.1,933.75,12620.8,26867.1
1760553000000,25585.3,57422.6,27048.8,26992.8,27381.2,55853.9,35531.1,1543.7,10287.2,26992.8,22103.2,7688.75,28136.3,26992.8,932.8,12483.3,26992.8
1760466600000,25323.6,56799.9,26708.7,26848.9,27071.8,54748.7,35401.8,1539.25,10218,26848.9,22057.3,7723.1,27727.3,26848.9,915.4,12349.2,26848.9
1760380200000,25145.5,56496.4,26640.6,26387.2,26828.3,54213.8,35214.9,1547.25,10116.8,26387.2,22039.2,7596.5,27695.8,26387.2,888.35,12228.5,26387.2
1760293800000,25227.3,56625,26698.2,26264.6,26885.2,54473.9,35330.8,1563.35,10217.5,26264.6,22205.1,7713.95,27790.2,26264.6,896.8,12264.8,26264.6
1760034600000,25285.3,56609.8,26721.2,26254.9,26842.2,54966.4,35609.1,1561.7,10261.5,26254.9,22218.2,7695.8,27762.5,26254.9,896.65,12285.2,26254.9
1759948200000,25181.8,56192.1,26587,26448.4,26724.3,54707.4,35628.5,1557.55,10356.2,26448.4,21936.2,7569.3,27518.3,26448.4,881.9,12227.5,26448.4
1759861800000,25046.2,56018.2,26522.4,26499.2,26656.4,54489.6,35232.2,1555.95,10136.5,26499.2,21707.3,7523.45,27409.4,26499.2,875.4,12183.8,26499.2
1759775400000,25108.3,56239.4,26933.6,26478.4,26777.3,54763.9,34709.4,1583.1,10156.7,26478.4,21875.3,7583.75,27497.7,26478.4,891.7,12225.9,26478.4
1759689000000,25077.7,56104.9,26857.2,26451.8,26712.1,55057.6,34722.6,1590.4,10185.5,26451.8,21779.8,7615.15,27490.6,26451.8,882.1,12210.3,26451.8
1759429800000,24894.2,55589.2,26753.1,26420.8,26426.8,55170.6,33949.8,1604.9,10277.1,26420.8,21756.3,7583.3,27159,26420.8,876.1,12144,26420.8
1759257000000,24836.3,55347.9,26768.7,26591.9,26382.2,55105.4,33905.2,1604.25,10093,26591.9,21733.5,7499.2,26984.6,26591.9,877.15,12131.8,26591.9
1759170600000,24611.1,54635.9,26542.3,26485.4,26022.1,54710.7,33655.1,1542.95,10038.2,26485.4,21454.2,7526.75,26462.4,26485.4,867.6,12063.2,26485.4
1759084200000,24634.9,54461,26436.6,26225.9,26007,54945.8,33693.1,1562.1,9923.1,26225.9,21475.3,7390.75,26411.3,26225.9,874.75,12108.3,26225.9
1758825000000,24654.7,54389.4,26484.6,26339.7,25985.2,54847.6,33702,1575.45,9888.25,26339.7,21507.2,7261.45,26488.4,26339.7,867.15,12080.2,26339.7
1758738600000,24890.8,54976.2,26758.5,26193.8,26247.4,55108,34548.3,1592.85,10082.5,26193.8,21977.7,7393.35,26787.5,26193.8,875.9,12243.3,26193.8
1758652200000,25056.9,55121.5,27007.6,26507.8,26388.4,55378.9,34994.3,1603.5,10060.1,26507.8,22180.7,7431.95,26824.6,26507.8,890.6,12318.2,26507.8
1758565800000,25169.5,55509.8,27321.9,26474.6,26559.5,55281.6,35249.1,1616.55,10129,26474.6,22299.1,7451.1,27057.4,26474.6,913.35,12394.2,26474.6
1758479400000,25202.3,55284.8,27154.3,26482.8,26528.4,56006.8,35500.1,1627.3,10029.1,26482.8,22365.8,7370.95,26915.1,26482.8,921.55,12493.2,26482.8
1758220200000,25327.1,55458.9,27219.6,26145.6,26527.6,56273.1,36578.2,1619.45,9989.9,26145.6,22686.6,7397.75,26972.4,26145.6,923.5,12462.7,26145.6
1758133800000,25423.6,55727.4,27329.3,26206,26698.7,56522.4,36750.2,1627.65,9955.15,26206,22574.3,7304,27148,26206,918.45,12485.1,26206
1758047400000,25330.2,55493.3,27294.7,26497.6,26563.6,56321,36447.1,1632.5,9923.15,26497.6,22241.3,7315.9,27028.2,26497.6,919.1,12443.3,26497.6
1757961000000,25239.1,55147.6,27146.4,25502.1,26495.3,56398.6,36212.1,1627.65,9973.45,25502.1,22264.6,7129.65,26927.8,25502.1,915.35,12420.3,25502.1
1757874600000,25069.2,54887.9,26760.7,25980.7,26393.1,56551.4,35902.2,1613.7,9891,25980.7,22198.7,7099.3,26718.7,25980.7,905.65,12347.3,25980.7
1757615400000,25114,54809.3,26866.7,26165.7,26363.2,56557.1,36110.8,1621.05,9883.6,26165.7,22341.2,7057.05,26717.8,26165.7,884.35,12375.5,26165.7
1757529000000,25005.5,54669.6,26744.4,25969,26178.7,56960.6,36003.5,1627.45,9792.95,25969,22224,7076.15,26609.8,25969,883.8,12411.4,25969
1757442600000,24973.1,54536,26833.9,26164.9,26123.8,56856.9,36183.8,1610.95,9759.45,26164.9,22122.1,7023.85,26531.6,26164.9,883.8,12406.6,26164.9
1757356200000,24868.6,54216.1,27182.5,,25961.9,56497.2,35255.9,1621.25,9734.2,25961.9,22052.7,6879.9,26368.6,27020.4,873.95,12443.8,27020.4
1757269800000,24773.2,54186.9,27189.2,,25942.7,56171.3,34310.4,1621.2,9717.85,25942.7,21865.2,6889.2,26334.8,27564.1,876.55,12431.5,27564.1
1757010600000,24741,54114.6,26320.6,,25889.3,56292.1,34635.9,1620.45,9681.65,25889.3,21924.8,6855.7,26337.6,27869.8,872.5,12370.5,27869.8
1756924200000,24734.3,54075.4,25994.8,,25853.4,57104.1,35143.1,1611,9616.35,25853.4,21915.4,6844.25,26286.2,28309.8,882.75,12358.7,28309.8
1756837800000,24715.1,54067.6,25775.4,,25732.6,56969.2,35474.9,1621.95,9676.4,25732.6,21959.6,6920.75,26282.2,28339.7,889.65,12296.9,28339.7
1756751400000,24579.6,53661,25584.9,,25572.9,56806.6,35737.9,1622.6,9384.35,25572.9,21719.9,6850.1,26089.7,28295.1,886.15,12213,28295.1
1756665000000,24625.1,54002.4,25660,,25743.5,56175.2,35740.6,1606.85,9305.3,25743.5,21778.8,6830.95,26272.4,28455,879.8,12208.5,28455
1756405800000,24426.8,53655.6,24960.8,,25567.7,56141.9,35181.2,1612,9154.8,25567.7,21804.1,6756.05,26058.2,28210.6,870.75,12059.3,28210.6
1756319400000,24500.9,53820.4,25183.5,,25640.3,55612.9,35488.8,1606.35,9210.5,25640.3,21808.3,6778.9,26074.1,28069.5,882.5,12063.8,28069.5
1756146600000,24712.1,54450.4,25320.3,,25952.6,56187,36063.2,1614.05,9280.05,25952.6,21990,6849.5,26340.4,28463.2,895.95,12166.3,28463.2
1756060200000,24967.8,55139.3,25423.4,,26306.9,55681.6,36280.1,1626.25,9436.75,26306.9,22362.8,6980.35,26696.5,28287.4,916.45,12212.7,28287.4
1755801000000,24870.1,55149.4,25329.4,,26317.1,55737.4,35440.9,1653.95,9375.45,26317.1,22265,6998.1,26691.8,28306.2,909.65,12196.3,28306.2
1755714600000,25083.8,55755.4,25377.5,,26573.3,56303.1,35723.9,1638.4,9493.65,26573.3,22177.7,7077.25,26976.9,28126.3,917.35,12258.9,28126.3
1755628200000,25050.6,55698.5,25469.2,,26487.8,56664.1,35690.1,1638.45,9497.75,26487.8,21969.5,7103.55,26940.1,28385.2,913.85,12295.2,28385.2
1755541800000,24980.7,55865.1,25456.7,,26592.3,55886.6,34756.7,1671.5,9457.5,26592.3,22066.8,7122.85,27037.3,28276.9,904.3,12189.7,28276.9
1755455400000,24876.9,55734.9,25127.2,,26609.1,55304.2,34634.9,1649.45,9387.5,26609.1,22141.2,7053.8,26924.2,28186.2,898.45,12090,28186.2
1755109800000,24631.3,55341.9,24118.8,,26333.4,54656.3,34833.2,1653.15,9216.25,26333.4,22151.8,7025.25,26655,28154.1,879.35,11839.9,28154.1
1755023400000,24619.3,55181.4,24122.7,,26238.4,55010.1,34692.9,1662,9345.95,26238.4,22130.3,7017.15,26643.6,27807.1,886.05,11844.8,27807.1
1754937000000,24487.4,55043.7,23856.6,,26135.3,55034.4,34674.3,1647.55,9229.7,26135.3,21753.5,7026.9,26560.9,27689.3,883.9,11747.2,27689.3
1754850600000,24585.1,55510.8,23723.8,,26405.8,55309.9,34544.6,1637.7,9194.8,26405.8,21604.7,7032.7,26779,27802.6,890.4,11756.7,27802.6
1754591400000,24363.3,55004.9,23474.7,,26167.3,54900.9,34398.5,1635.1,9147.1,26167.3,21402.2,6881.25,26564.7,27674.1,874.15,11647.1,27674.1
1754505000000,24596.2,55521.1,23808.1,,26403.9,55298.5,34726.8,1636.8,9310.65,26403.9,21684.8,6909.3,26901.1,26799,893,11773,26799
1754418600000,24574.2,55411.1,23748.8,,26371.2,55230.8,34426.2,1620.7,9298.75,26371.2,21523.8,6889.05,26850.7,26699.1,894.15,11747.8,26699.1
1754332200000,24649.6,55360.2,23876.3,,26373.5,55733.7,35034.5,1640.05,9336.05,26373.5,21970.2,6848.65,26873.8,27330.8,907.85,11790,27330.8
1754245800000,24722.8,55619.4,23787.5,,26476.6,56139.6,35203.4,1641.15,9327.85,26476.6,22153.8,6858.9,26955.4,27509.6,912.05,11782.3,27509.6
1753986600000,24565.3,55617.6,23410.9,,26492.5,56197.1,34649.6,1616.8,9102.35,26492.5,22011.7,6773.35,26920.3,27335.2,896.15,11697.2,27335.2
1753900200000,24768.3,55961.9,23655.8,,26649.9,55812.1,35301.6,1626.35,9285.45,26649.9,22771.1,6850.95,27085.4,27058,912.35,11739.1,27058
1753813800000,24855.1,56150.7,23745.8,,26703.5,55020.4,35481.7,1624.8,9399.75,26703.5,23073.9,6907.7,27119.4,26821.3,917.65,11700.1,26821.3
1753727400000,24821.1,56222,23888.3,,26700.7,54891.1,35373.2,1637.75,9409.7,26700.7,23072.4,6953.5,27153.4,27149.9,926.5,11676.6,27149.9
1753641000000,24680.9,56084.9,23693,,26615.2,54732.9,35370.1,1624.5,9316.45,26615.2,22761.2,6919.5,27148.2,26963.5,911.9,11612.2,26963.5
1753381800000,24837,56528.9,23781.6,,26808,54579.9,35623.8,1669.6,9425.1,26808,22662.7,7003.65,27604.2,27200.6,950.6,11687.8,27200.6
1753295400000,25062.1,57066.1,24087.3,,27046.3,55085.9,36135.8,1714.35,9582.3,27046.3,22541.1,7124.8,27874.5,27518.9,960.1,11781.5,27518.9
1753209000000,25219.9,57210.4,24079.4,,27215.8,55710.4,36951.5,1717.3,9579.05,27215.8,22417.4,7037.5,28036.9,27523.2,970.2,11839.1,27523.2
1753122600000,25060.9,56756,23875.8,,26990.4,56003.9,36858.9,1733.6,9533.3,26990.4,22307.2,7006.35,27845.4,27501.4,996.05,11801.5,27501.4
1753036200000,25090.7,56952.8,24055,,26986.9,56222.7,37031.8,1773.9,9555.5,26986.9,22531.8,7118.1,27881,27586,1006.25,11747.1,27586
1752777000000,24968.4,56283,23894.3,,26556.2,56506.9,37141.9,1771.05,9458.2,26556.2,22592.8,7162.5,27534.5,27518.5,999.9,11699.2,27518.5
1752690600000,25111.4,56828.8,24002.5,,26809.4,56843.1,37138.6,1754.25,9423.35,26809.4,22680.3,7209.9,27943.3,27382.1,1001.1,11772.2,27382.1
1752604200000,25212.1,57168.9,24011.2,,26916.4,56685.6,37660.8,1758.6,9360.7,26916.4,22593.9,7267.2,28107.6,27672.6,988.85,11794.8,27672.6
1752517800000,25195.8,57006.6,23905.2,,26928.9,56429.1,37424.6,1735.85,9411.95,26928.9,22665.7,7138.35,28098.5,27853.3,983.95,11750,27853.3
1752431400000,25082.3,56765.4,23552,,26802.2,56025.6,37273.7,1727.5,9407.95,26802.2,22410.3,7076.7,28060.7,27945.1,976.25,11665.6,27945.1
1752172200000,25149.8,56754.7,23493.8,,26853.1,55910.2,37693.2,1704.3,9382.85,26853.1,22225.9,7025.75,28075.2,27851.4,962.9,11621.3,27851.4
1752085800000,25355.2,56956,23916.8,,26984.3,55628.2,38376.6,1732.1,9423.55,26984.3,22076.8,7035.6,28099.8,27899.2,974.7,11726.5,27899.2
1751999400000,25476.1,57213.6,23944.4,,27058.4,55946.2,38680.9,1734.7,9384.5,27058.4,22208.5,7092.35,28236,27666.8,967.75,11805,27666.8
1751913000000,25522.5,57256.3,23852.9,,27016.8,55504,38983.2,1741.55,9517.4,27016.8,22165.9,7123.2,28241.4,27613.3,982.35,11788.3,27613.3
1751826600000,25461.3,56949.2,23943.9,,26833.4,55652.9,38866.9,1743.55,9522.15,26833.4,22365.1,7141.25,28055.7,27382.8,972.75,11827.8,27382.8
1751567400000,25461,57031.9,23980.4,,26866.3,54735.6,39166.6,1761.75,9580.4,26866.3,22384.6,7152.95,28065.8,27363.5,971.95,11776.8,27363.5
1751481000000,25405.3,56791.9,24004.9,,26734.9,54515.8,38854.3,1750.15,9623.45,26734.9,22204.2,7129.9,27977.4,27430.8,963.15,11835.2,27430.8
1751394600000,25453.4,56999.2,23899.8,,26861.7,54439.7,38879.1,1725.15,9699.2,26861.7,22110.8,7193.65,28106.3,27565.5,970.05,11846,27565.5
1751308200000,25541.8,57459.4,23824,,27124.2,54502.9,38833.1,1731.4,9564.55,27124.2,22041.2,7253.6,28288.9,27584.6,984.2,11831,27584.6
1751221800000,25517.1,57312.8,23872.6,,27174.4,54883.9,38950,1754.45,9534.8,27174.4,22038.7,7202.4,28254.6,27479.8,986.55,11842.8,27479.8
1750962600000,25637.8,57443.9,24007.9,,27344.1,55109,38822.9,1747.85,9578.2,27344.1,21928.6,7015.5,28506.1,27378.6,993.95,11870.7,27378.6
1750876200000,25549,57206.7,23961.7,,27248.4,55118.8,38996.2,1743.85,9544.55,27248.4,21808.2,6982.65,28417,27267.1,1009.55,11855.5,27267.1
1750789800000,25244.8,56621.1,23827.8,,26851.2,54747.2,39046.3,1763.15,9329.2,26851.2,21804.8,6952.95,28126.4,27251.9,1019.7,11758.8,27251.9
1750703400000,25044.3,56461.9,23598.2,,26750.4,54346.3,38417.9,1728.8,9291.1,26750.4,21672.1,6939.1,28135.1,27385.6,1014.25,11616.9,27385.6
1750617000000,24971.9,56059.4,23461.2,,26556.5,54226.9,38414.1,1748.4,9198.55,26556.5,21626.2,6839.55,27931.2,27603.2,1012.65,11580.6,27603.2
1750357800000,25112.4,56252.9,23679.3,,26648.7,54630.9,38991.4,1674.8,9138.6,26648.7,21613,6844.75,27978.9,27672.6,1013.65,11621,27672.6
1750271400000,24793.2,55577.4,23434.7,,26299.7,54283.5,38664.9,1668.95,9040.45,26299.7,21441.8,6734.3,27694.6,27561.9,992.75,11450.6,27561.9
1750185000000,24812.1,55828.8,23312.3,,26399.9,54452.4,39030.9,1701.5,9158.25,26399.9,21588.4,6874.65,27776.6,27404.3,1008.9,11441,27404.3
1750098600000,24853.4,55714.1,23227.3,,26451.7,54708.8,39356.1,1723.4,9224.4,26451.7,21622.8,6903.1,27667.4,27549.8,1013.7,11422.6,27549.8
1750012200000,24946.5,55944.9,23368.2,,26554.8,54873.3,39073.1,1735.95,9358.25,26554.8,22039.4,6952.9,27765.6,27687.2,1020.3,11484.5,27687.2
1749753000000,24718.6,55527.4,23327.4,,26335.6,54527.1,38469.2,1726.1,9258.8,26335.6,21985.2,6934.85,27527.9,27881.9,1007.05,11373.8,27881.9
1749666600000,24888.2,56082.6,23411.8,,26579.9,55104.1,38460.3,1723.15,9348.5,26579.9,22036.2,7017.5,27779.6,27611.4,1006.45,11451,27611.4
1749580200000,25141.4,56459.8,23805.2,,26789.9,55820.6,38784.3,1730.5,9495.8,26789.9,22057.2,7107.75,28000.7,27629.6,1027.25,11615,27629.6
1749493800000,25104.2,56629.1,23759,,26867.1,56198.8,38300,1731.65,9509.7,26867.1,21948,7170.85,28073.7,27565.2,1026.3,11635.6,27565.2
1749407400000,25103.2,56839.6,23777.2,,26992.8,56026.1,37669.2,1713,9477,26992.8,21826.8,7208.45,28120.4,27814.5,1038.15,11658.2,27814.5
1749148200000,25003.1,56578.4,23661.3,,26848.9,55802.7,37294.9,1705.75,9406.45,26848.9,21684.4,7100.3,27832.5,27890.2,1039.6,11616.5,27890.2
1749061800000,24750.9,55760.9,23306.2,,26387.2,55632.4,37107.9,1725.4,9231.5,26387.2,21644.2,7059.65,27342.4,27946.2,993.1,11486.1,27946.2
1748975400000,24620.2,55676.9,23332.6,,26264.6,55530.6,36938.1,1729.3,9177.4,26264.6,21371.7,7100.85,27368.9,27799.5,976,11425.2,27799.5
1748889000000,24542.5,55599.9,23268.7,,26254.9,55460.8,36814.9,1726.1,9122.3,26254.9,21354.2,7084.05,27346.3,27409.4,982.9,11380.7,27409.4
1748802600000,24716.6,55903.4,23327.1,,26448.4,55732.6,37061.9,1716.75,9128.55,26448.4,21394.1,7125.95,27670.1,27498.7,971.25,11445.5,27498.7
1748543400000,24750.7,55749.7,23325.6,,26499.2,55283,37321.8,1711.3,9193.25,26499.2,21442.1,6976,27576.7,27566.2,949.35,11383.2,27566.2
1748457000000,24833.6,55546.1,23555.8,,26478.4,55630.4,37754.1,1711.05,9351.65,26478.4,21589.3,6780.7,27629.2,27861.3,955.7,11439.2,27861.3
1748370600000,24752.4,55417,23437.1,,26451.8,55703.9,37465.8,1707.55,9239.5,26451.8,21393.3,6797.1,27502.6,27643.7,944.9,11407.6,27643.7
1748284200000,24826.2,55352.8,23596.9,,26420.8,56547.6,37501.4,1690,9294.95,26420.8,21524.9,6731.5,27532.8,27546.8,946.3,11510.2,27546.8
1748197800000,25001.2,55572,23763.2,,26591.9,57049.7,37785.9,1691.5,9336.45,26591.9,21501.8,6714.3,27659.6,27646.2,944,11585.7,27646.2
1747938600000,24853.2,55398.2,23515.2,,26485.4,56502.1,37403.6,1683.15,9249.6,26485.4,21434.2,6702.7,27621.3,27491.8,936.85,11529.2,27491.8
1747852200000,24609.7,54941.3,23459.9,,26225.9,55598.1,37050.1,1674.05,9179.65,26225.9,21521.8,6667.95,27325.4,27396.2,934.4,11403,27396.2
1747765800000,24813.4,55075.1,23700.1,,26339.7,56413.1,37540.1,1655.7,9208.15,26339.7,21723.7,6707.1,27385.8,27337.3,938.7,11504.5,27337.3
1747679400000,24683.9,54877.4,23531.2,,26193.8,56206.2,37283.5,1648.8,9156.05,26193.8,21456.2,6662.55,27355.8,27279.3,922.8,11438.5,27279.3
1747593000000,24945.4,55420.7,24052.6,,26507.8,56955.7,37477.8,1671.6,9210.75,26507.8,21740.4,6725.3,27640.9,27305.1,933.2,11644.5,27305.1
1747333800000,25019.8,55354.9,23953.2,,26474.6,57061.8,37972.4,1681.45,9201.85,26474.6,21633.2,6628.6,27671.7,27238.8,912.55,11654.5,27238.8
1747247400000,25062.1,55355.6,23804.8,,26482.8,56685.9,38293.8,1663.05,9210.05,26482.8,21650.7,6621.65,27646.7,27033.1,897.95,11627.8,27033.1
1747161000000,24666.9,54801.3,23356.8,,26145.6,56351.7,37853.6,1637.05,9052.1,26145.6,21480.5,6609.6,27348.5,27195.8,881,11453.3,27195.8
1747074600000,24578.3,54940.9,23167.2,,26206,56334.1,37354.6,1616.5,8834.65,26206,21359.8,6572.5,27401.6,27306.2,866.3,11396.5,27306.2
1746988200000,24924.7,55382.9,23400.4,,26497.6,57101.4,38282.6,1590.1,8914.25,26497.6,21102.7,6471.4,27675.7,27138.8,872.6,11536.8,27138.8
1746729000000,24008,53595.2,22627.8,,25502.1,55633,35880.1,1541.15,8420.55,25502.1,21071.8,6266.45,26807.4,27376,823.75,11147.9,27376
1746642600000,24273.8,54365.6,22674.2,,25980.7,56020.7,36002.4,1527.05,8428.4,25980.7,21115.1,6168.45,27157.5,27587.7,843.8,11227.2,27587.7
1746556200000,24414.4,54610.9,23114.1,,26165.7,56590.2,35920.3,1524,8608.05,26165.7,21462.4,6253.15,27183.8,27453.9,865.15,11408.7,27453.9
1746469800000,24379.6,54271.4,22737.6,,25969,56883.4,35869.2,1508,8524.7,25969,21534.3,6235.2,26997.7,27519,855.6,11414.8,27519
1746383400000,24461.2,54919.5,22699.2,,26164.9,56936.2,35991.2,1531.1,8600.15,26164.9,21775.8,6552.1,27177.2,27395.3,887.35,11448.9,27395.3