Date,Open,High,Low,Close,Volume
16-Jul-20,16971.2,17491.2,16715.8,18196.09536,0
17-Jul-20,16936.9,16975.2,16693.3,17659.30056,0
20-Jul-20,16880.3,17376.2,16849.2,18076.46086,0
21-Jul-20,17453.3,17514.1,17219.7,18219.91823,0
22-Jul-20,17317.3,17321.7,16978.4,18019.76451,0
23-Jul-20,17071.8,17082.6,16949.2,17771.02878,0
24-Jul-20,16944.6,17322.7,16944.6,18020.80481,0
27-Jul-20,17323,17735.7,17290.6,18450.44871,0
28-Jul-20,17647.9,18103.7,17634.4,18833.27911,0
29-Jul-20,17959.8,18108.7,17783.3,18838.48061,0
30-Jul-20,17995.2,18252.7,17967.2,18988.28381,0
31-Jul-20,18166.3,18353.5,17909.3,19093.14605,0
03-Aug-20,18099.4,18140.8,17840.3,18871.87424,0
04-Aug-20,18029.4,18092,17716.4,18821.1076,0
05-Aug-20,17889.6,18139.2,17818.2,18870.20976,0
06-Aug-20,18009.7,18222.8,17943.8,18957.17884,0
07-Aug-20,18182.3,18182.3,17977.7,18915.04669,0
10-Aug-20,18090.2,18205.2,18016.8,18938.86956,0
11-Aug-20,18202.5,18331.7,18036.5,19070.46751,0
12-Aug-20,18077.2,18109.8,17900,18839.62494,0
13-Aug-20,18141.3,18344.1,18032.9,19083.36723,0
14-Aug-20,18137.3,18230.1,17994.7,18964.77303,0
17-Aug-20,18136.7,18306.9,18103.3,19044.66807,0
18-Aug-20,18318.6,18375.2,18209.6,19115.72056,0
19-Aug-20,18340,18354.8,18187.6,19094.49844,0
20-Aug-20,18181.4,18252.3,18083.2,18987.86769,0
21-Aug-20,18266.9,18282.6,18047.9,19019.38878,0
24-Aug-20,18092.6,18112.9,17915.6,18842.84987,0
25-Aug-20,18028.8,18047.5,17914.5,18774.81425,0
26-Aug-20,18022.7,18156.2,17940.7,18887.89486,0
27-Aug-20,18231.9,18305.6,18075.8,19043.31568,0
28-Aug-20,18216.3,18253.6,18093.4,18989.22008,0
31-Aug-20,18163.2,18426.4,17791.8,19168.98392,0
01-Sep-20,17954.6,18154.4,17775.7,18886.02232,0
02-Sep-20,17860.7,18114.8,17858.3,18844.82644,0
03-Sep-20,18148.2,18497.9,18108,19243.36537,0
04-Sep-20,18049.2,18259.8,18012.8,18995.66994,0
07-Sep-20,18093.1,18208.9,17962.3,18942.71867,0
08-Sep-20,18304.2,18671.8,18213.6,19424.27354,0
09-Sep-20,18264.2,18439.6,18193.4,19182.71588,0
10-Sep-20,18385.9,18416.8,18217.1,19158.99704,0
11-Sep-20,18347.7,18740.8,18338.1,19496.05424,0
14-Sep-20,18804.8,19592.3,18799.6,20381.86969,0
15-Sep-20,19511.5,19823,19392.3,20621.8669,0
16-Sep-20,19642.3,19802.4,19533.7,20600.43672,0
17-Sep-20,19660.4,20014.7,19605.1,20821.29241,0
18-Sep-20,19889.9,20067.7,19777.8,20876.42831,0
21-Sep-20,19855.6,20331.6,19683.8,21150.96348,0
22-Sep-20,19813.3,20113.4,19376.7,20923.97002,0
23-Sep-20,20016.8,20226.3,19615.2,21041.41989,0
24-Sep-20,19630.3,19658,18914.7,20450.2174,0
25-Sep-20,19108.8,19678.5,19077.8,20471.54355,0
28-Sep-20,19774.8,19836.9,19463.7,20636.32707,0
29-Sep-20,19891.1,20146.3,19782.3,20958.19589,0
30-Sep-20,19880.6,20048.6,19741.7,20856.55858,0
01-Oct-20,20129.8,20196.1,20009.3,21010.00283,0
05-Oct-20,20375.9,20940.9,20341.4,21784.81827,0
06-Oct-20,20995.3,20995.3,20573.9,21841.41059,0
07-Oct-20,20897.6,21121.6,20771.7,21972.80048,0
08-Oct-20,21531.8,22169.3,21501.9,23062.72279,0
09-Oct-20,21703.4,21922.8,21540.7,22806.28884,0
12-Oct-20,21990.8,22320,21845.1,23219.496,0
13-Oct-20,22230.2,22619,22186.1,23530.5457,0
14-Oct-20,22475.8,22490.3,22129.9,23396.65909,0
15-Oct-20,22473.7,22570.5,21364.2,23480.09115,0
16-Oct-20,21638.2,21908.8,21247.6,22791.72464,0
19-Oct-20,21683.8,21683.8,21354.9,22557.65714,0
20-Oct-20,21397.5,21779.8,21346.1,22657.52594,0
21-Oct-20,21757.1,21892.3,21406.1,22774.55969,0
22-Oct-20,21480.7,21767.1,21290.4,22644.31413,0
23-Oct-20,21546.7,21621.6,21385.2,22492.95048,0
26-Oct-20,21493.3,21595.8,21148.7,22466.11074,0
27-Oct-20,21287.1,21371.6,20932.7,22232.87548,0
28-Oct-20,21121.9,21194.8,20701,22048.95044,0
29-Oct-20,20667.7,20961.1,20548.3,21805.83233,0
30-Oct-20,20912.9,21197.3,20797.5,22051.55119,0
02-Nov-20,20964.2,21012.4,20669.3,21859.19972,0
03-Nov-20,20792.2,21017.9,20679.7,21864.92137,0
04-Nov-20,20769.9,21468.4,20765.8,22333.57652,0
05-Nov-20,21383.7,21596,21284.6,22466.3188,0
06-Nov-20,21435.2,21582.2,21251.6,22451.96266,0
09-Nov-20,21751.7,21926.9,21620.6,22810.55407,0
10-Nov-20,21633.1,21633.1,20862.7,22504.91393,0
11-Nov-20,21029.2,21365.7,20967.8,22226.73771,0
12-Nov-20,21380.2,21610.1,21291.7,22480.98703,0
13-Nov-20,21305.3,21462,21219.8,22326.9186,0
17-Nov-20,21704.1,21706.2,21361.4,22580.95986,0
18-Nov-20,21519.2,21557.1,21153.8,22425.85113,0
19-Nov-20,21285.8,21451.8,21070.2,22316.30754,0
20-Nov-20,21275.3,21500.7,21121.8,22367.17821,0
23-Nov-20,21551.8,22047.1,21432.7,22935.59813,0
24-Nov-20,22099.6,22281.8,22016.9,23179.75654,0
25-Nov-20,22087.9,22132.9,21675.9,23024.85587,0
26-Nov-20,21717.4,21919.2,21544.1,22802.54376,0
27-Nov-20,21879.2,21972.9,21701.3,22858.40787,0
01-Dec-20,21921.1,22216.4,21814.4,23111.72092,0
02-Dec-20,22149.3,22371.6,21961.4,23273.17548,0
03-Dec-20,22458.8,22458.8,22147.3,23363.88964,0
04-Dec-20,22222.2,22347.8,22130.3,23248.41634,0
07-Dec-20,22333.3,22482.9,22271,23388.96087,0
08-Dec-20,22484.3,22737.9,22387.3,23654.23737,0
09-Dec-20,22799.9,22895.5,22720.5,23818.18865,0
10-Dec-20,22693.9,22809.6,22606.6,23728.82688,0
11-Dec-20,22754.5,22901.8,22541.1,23824.74254,0
14-Dec-20,22786,22792.4,22487.3,23710.93372,0
15-Dec-20,22656.3,22779.7,22608.3,23697.72191,0
16-Dec-20,22830.4,22933.8,22701.6,23858.03214,0
17-Dec-20,22913.2,22960.5,22835.4,23885.80815,0
18-Dec-20,23173.2,23416.5,23148.5,24360.18495,0
21-Dec-20,23233.5,23506.7,22458.2,24454.02001,0
22-Dec-20,22921.8,23680.9,22745.2,24635.24027,0
23-Dec-20,23787.8,24228.8,23758.4,25205.22064,0
24-Dec-20,24163.2,24163.2,23828.1,25136.97696,0
28-Dec-20,24065.4,24192.1,24037.8,25167.04163,0
29-Dec-20,24093.1,24424.2,24090.3,25408.49526,0
30-Dec-20,24312.5,24394.8,24176.2,25377.91044,0
31-Dec-20,24255.9,24295.2,24137.8,25274.29656,0
01-Jan-21,24300.2,24500.7,24288.9,25488.07821,0
04-Jan-21,24612.1,25158.8,24508.9,26172.69964,0
05-Jan-21,25057.7,25824.2,25029.8,26864.91526,0
06-Jan-21,25841.3,26036.7,25240.5,27085.97901,0
07-Jan-21,25692.1,25702.3,25131.9,26738.10269,0
08-Jan-21,25558.3,26227.5,25523.8,27284.46825,0
11-Jan-21,26703.2,27095.8,26528,28187.76074,0
12-Jan-21,27008,27127.2,26805,28220.42616,0
13-Jan-21,27077.7,27103.9,26737.4,28196.18717,0
14-Jan-21,26804.7,27176.5,26245.1,28271.71295,0
15-Jan-21,26939.7,27037.7,26301.4,28127.31931,0
18-Jan-21,26395.6,26423.6,25830.4,27488.47108,0
19-Jan-21,26080.1,26254.1,25987.3,27312.14023,0
20-Jan-21,26147.2,26758.1,26142.9,27836.45143,0
21-Jan-21,26808.5,26872.9,26321.8,27955.87787,0
22-Jan-21,26316.6,26667.6,26292.8,27742.30428,0
25-Jan-21,26607.7,26685.8,25911.8,27761.23774,0
27-Jan-21,26073.1,26236.6,25628.7,27293.93498,0
28-Jan-21,25639.9,25807.7,25239.7,26847.75031,0
29-Jan-21,25516.8,25539.8,24559.7,26569.05394,0
01-Feb-21,24709.2,25139.2,24308.9,26152.30976,0
02-Feb-21,25277.4,25574.8,25107.2,26605.46444,0
03-Feb-21,25590.1,25949.7,25341.4,26995.47291,0
04-Feb-21,25749.7,25862.5,25505.2,26904.75875,0
05-Feb-21,25689.7,25733.5,25188.4,26770.56005,0
08-Feb-21,25588.5,26028,25415.9,27076.9284,0
09-Feb-21,25933.8,26301.2,25659.9,27361.13836,0
10-Feb-21,25779.9,25941.1,25570.2,26986.52633,0
11-Feb-21,25860.8,26080.2,25795.8,27131.23206,0
12-Feb-21,26111.8,26455.1,26012.2,27521.24053,0
15-Feb-21,26243.1,26279.3,25959.1,27338.35579,0
16-Feb-21,26130.4,26167.8,25519.9,27222.36234,0
17-Feb-21,25610.4,25672.2,25234.7,26706.78966,0
18-Feb-21,25270.9,25686.8,25262.7,26721.97804,0
19-Feb-21,25634.9,25676,25292.7,26710.7428,0
22-Feb-21,25579.8,25617.3,24646.4,26649.67719,0
23-Feb-21,24933.7,25199.6,24709.2,26215.14388,0
24-Feb-21,24814.6,24872.3,24518.7,25874.65369,0
25-Feb-21,24979,25199.8,24830.7,26215.35194,0
26-Feb-21,24611.2,24689,24212.8,25683.9667,0
01-Mar-21,24494.7,24846.1,24451.4,25847.39783,0
02-Mar-21,24809.7,25435.4,24770.3,26460.44662,0
03-Mar-21,25582.6,25814.9,25331.4,26855.24047,0
04-Mar-21,25471.7,25981.3,25450.4,27028.34639,0
05-Mar-21,25504.7,25697.8,25113.4,26733.42134,0
08-Mar-21,25368.2,25549.3,25259.6,26578.93679,0
09-Mar-21,25388.8,25685.8,25095.3,26720.93774,0
10-Mar-21,25862.1,26136.6,25782.3,27189.90498,0
12-Mar-21,26060.4,26298,25819.9,27357.8094,0
15-Mar-21,25859.2,26094.2,25651.8,27145.79626,0
16-Mar-21,26132.4,26602.7,26111.1,27674.78881,0
17-Mar-21,26378.2,26657.1,26113.8,27731.38113,0
18-Mar-21,26365.9,26395.9,25012.5,27459.65477,0
19-Mar-21,25273.3,25687.4,25028.3,26722.60222,0
22-Mar-21,25649.1,26102.8,25418.4,27154.74284,0
23-Mar-21,26105.7,26315.8,25928,27376.32674,0
24-Mar-21,25863.6,26114.6,25738.2,27167.01838,0
25-Mar-21,25739.8,25766,25131.4,26804.3698,0
26-Mar-21,25475.3,25687.1,25276.6,26722.29013,0
30-Mar-21,25531.1,26306.7,25429.2,27366.86001,0
31-Mar-21,26130.6,26130.6,25788,27183.66318,0
01-Apr-21,26039.8,26289.1,25855.3,27348.55073,0
05-Apr-21,26035.5,26630.8,25978.9,27704.02124,0
06-Apr-21,26715.2,26715.2,26403.4,27791.82256,0
07-Apr-21,26514.9,26899.2,26401.7,27983.23776,0
08-Apr-21,26899.5,27413.6,26845.8,28518.36808,0
09-Apr-21,27322.1,27520.1,27109.9,28629.16003,0
12-Apr-21,27504.4,27524.6,26545.7,28633.84138,0
13-Apr-21,26737.7,26759.2,25513.4,27837.59576,0
15-Apr-21,25577,26084.2,25293.3,27135.39326,0
16-Apr-21,26183.4,26476.7,26131.2,27543.71101,0
19-Apr-21,26012.4,26524.7,25875.9,27593.64541,0
20-Apr-21,26495.6,26496.5,25736.4,27564.30895,0
22-Apr-21,25902.6,26055,25718.6,27105.0165,0
23-Apr-21,25746.4,25926.1,25531.9,26970.92183,0
26-Apr-21,25633.1,25887.1,25521.2,26930.35013,0
27-Apr-21,25737.2,25871.4,25686.9,26914.01742,0
28-Apr-21,25952.7,25992.5,25781.2,27039.99775,0
29-Apr-21,26162.2,26162.2,25827.2,27216.53666,0
30-Apr-21,25777.8,26154.3,25593.9,27208.31829,0
03-May-21,25544.8,25785.6,25427.9,26824.75968,0
04-May-21,25783.2,25801.2,25398.9,26840.98836,0
05-May-21,25670.6,25857.7,25564.6,26899.76531,0
06-May-21,25868.2,26387.7,25639.6,27451.12431,0
07-May-21,26378.8,26454.1,26180.2,27520.20023,0
10-May-21,26340.6,26390.8,26106.3,27454.34924,0
11-May-21,26098.9,26146.5,25968.1,27200.20395,0
12-May-21,26105.2,26105.2,25728.4,27157.23956,0
14-May-21,25896.2,25901.2,25461.9,26945.01836,0
17-May-21,25650.4,25770.5,25499.4,26809.05115,0
18-May-21,25898.9,26094.1,25840.6,27145.69223,0
19-May-21,25949.6,26262.7,25869.7,27321.08681,0
20-May-21,26075.4,26118.2,25821.6,27170.76346,0
21-May-21,26012.8,26154,25936.6,27208.0062,0
24-May-21,26150.6,26298.6,26095.4,27358.43358,0
25-May-21,26275.4,26550.6,26241.2,27620.58918,0
26-May-21,26450.7,26905.8,26380.5,27990.10374,0
27-May-21,26921.8,27350.2,26916.8,28452.41306,0
28-May-21,27238.1,27278.7,27041.9,28378.03161,0
31-May-21,27144.1,27203.9,26886.8,28300.21717,0
01-Jun-21,27216.8,27254.2,26953.5,28352.54426,0
02-Jun-21,27051.4,27118.7,26737.2,28211.58361,0
03-Jun-21,27088.4,27159.9,26855.2,28254.44397,0
04-Jun-21,27031.6,27167.5,26914.6,28262.35025,0
07-Jun-21,27078.4,27330.4,26997.8,28431.81512,0
08-Jun-21,27400.8,27732.3,27376.9,28849.91169,0
09-Jun-21,27691.3,27793.8,27436.3,28913.89014,0
10-Jun-21,27676.5,27822.1,27649.9,28943.33063,0
11-Jun-21,27866.2,28347.5,27820.5,29489.90425,0
14-Jun-21,28371.9,28467.3,28134.7,29614.53219,0
15-Jun-21,28384.7,28544.6,28325.9,29694.94738,0
16-Jun-21,28384.2,28600.2,28241.2,29752.78806,0
17-Jun-21,28355.2,28714.6,28343.1,29871.79838,0
18-Jun-21,28829.5,28934.1,28227.6,30100.14423,0
21-Jun-21,28224.1,28393.1,28083.8,29537.34193,0
22-Jun-21,28514.2,28656.4,28396.5,29811.25292,0
23-Jun-21,28719.7,28719.7,28229.3,29877.10391,0
24-Jun-21,28395.4,29098.9,28357.3,30271.58567,0
25-Jun-21,29176.8,29284,28874.6,30464.1452,0
28-Jun-21,29259.6,29259.6,28977.8,30438.76188,0
29-Jun-21,29049.7,29183.8,28934.2,30359.90714,0
30-Jun-21,29057.2,29311.6,29036.9,30492.85748,0
01-Jul-21,29193.1,29193.1,28953.1,30369.58193,0
02-Jul-21,28983.5,29028.3,28704,30198.14049,0
05-Jul-21,29117.4,29185.6,28907.8,30361.77968,0
06-Jul-21,28924,28986.1,28607.6,30154.23983,0
07-Jul-21,28708.6,28790.3,28381.3,29950.54909,0
08-Jul-21,28821.8,28934.4,28541.9,30100.45632,0
09-Jul-21,28669.2,28898.8,28549.2,30063.42164,0
12-Jul-21,28837.1,28854.6,28421.6,30017.44038,0
13-Jul-21,28674.7,28681.2,28381.9,29837.05236,0
14-Jul-21,28581.2,29376.9,28534.8,30560.78907,0
15-Jul-21,29303.3,29835.9,29284.8,31038.28677,0
16-Jul-21,29734.8,29734.8,29287.2,30933.11244,0
19-Jul-21,29248.3,29592.3,29167.3,30784.86969,0
20-Jul-21,29282.8,29410.5,28992,30595.74315,0
22-Jul-21,29335.7,29808.4,29335.7,31009.67852,0
23-Jul-21,29895.6,30059.7,29848.1,31271.10591,0
26-Jul-21,29886.2,30139.2,29859.6,31353.80976,0
27-Jul-21,29967.9,30048.3,29698.9,31259.24649,0
28-Jul-21,29934.1,29993.6,29510.3,31202.34208,0
29-Jul-21,30037.2,30406,30037.1,31631.3618,0
30-Jul-21,30546.8,30818.6,30438.3,32060.58958,0
02-Aug-21,30681.9,30832.3,30547,32074.84169,0
03-Aug-21,30974.8,31196.4,30872.3,32453.61492,0
04-Aug-21,31296.8,31338.8,30895.4,32601.75364,0
05-Aug-21,31025.2,31560.2,30980.9,32832.07606,0
06-Aug-21,31251.2,31460.3,31057.6,32728.15009,0
09-Aug-21,31523.5,31685.4,31324.8,32962.32162,0
10-Aug-21,31489.9,31812.8,31431.2,33094.85584,0
11-Aug-21,31767.9,31799.8,31522.4,33081.33194,0
12-Aug-21,31667.3,32289.8,31667.3,33591.07894,0
13-Aug-21,32308.8,32821.9,32264.2,34144.62257,0
16-Aug-21,32671.8,32905.4,32438.2,34231.48762,0
17-Aug-21,32614,33487.1,32449.7,34836.63013,0
18-Aug-21,33482.9,33840.4,33268.6,35204.16812,0
20-Aug-21,32954.2,33652.4,32949.9,35008.59172,0
23-Aug-21,33582.1,34153.4,33567.4,35529.78202,0
24-Aug-21,34145.2,34262.6,33634.8,35643.38278,0
25-Aug-21,33887.8,34399.9,33764.1,35786.21597,0
26-Aug-21,34092.9,34375.9,33929.7,35761.24877,0
27-Aug-21,34036.4,34392.9,33799.1,35778.93387,0
30-Aug-21,34338.8,34480.1,34027.5,35869.64803,0
31-Aug-21,34205.8,34680.6,34043.6,36078.22818,0
01-Sep-21,34698.8,34780,34037.1,36181.634,0
02-Sep-21,34218.2,34846.9,34051.9,36251.23007,0
03-Sep-21,34744.4,34997.7,34490.6,36408.10731,0
06-Sep-21,34992.1,35464.4,34855.9,36893.61532,0
07-Sep-21,35549.3,35581.6,34906.9,37015.53848,0
08-Sep-21,34973.9,34979.3,34515.4,36388.96579,0
09-Sep-21,34676.2,34862.9,34530,36267.87487,0
13-Sep-21,34688.3,35242.5,34573.7,36662.77275,0
14-Sep-21,35224.2,35476.9,35020.7,36906.61907,0
15-Sep-21,35462.4,36200,35375.4,37658.86,0
16-Sep-21,36151.4,36310.8,35694.9,37774.12524,0
17-Sep-21,35915.4,36131.2,35527,37587.28736,0
20-Sep-21,35462.4,36130.6,35346.2,37586.66318,0
21-Sep-21,35609.1,36127.8,35332.9,37583.75034,0
22-Sep-21,36154.1,36713.1,36145.9,38192.63793,0
23-Sep-21,36691.9,36867.4,36532.4,38353.15622,0
24-Sep-21,37128.8,37823.1,37055,39347.37093,0
27-Sep-21,37335.9,37345.1,35968.8,38850.10753,0
28-Sep-21,36082,36082,34924.6,37536.1046,0
29-Sep-21,34894.9,35578.3,34733.9,37012.10549,0
30-Sep-21,35394.9,35408.1,34975.6,36835.04643,0
01-Oct-21,34955.5,35100.9,34719.8,36515.46627,0
04-Oct-21,34923.8,35184.6,34778.2,36602.53938,0
05-Oct-21,34978.4,35650.9,34781.6,37087.63127,0
06-Oct-21,35689.6,35801.5,35003.1,37244.30045,0
07-Oct-21,35323.6,35903.9,35233.3,37350.82717,0
08-Oct-21,35920.6,36703.6,35786.3,38182.75508,0
11-Oct-21,35494.4,35690.4,34768.9,37128.72312,0
12-Oct-21,35179.2,35294.1,34512.8,36716.45223,0
13-Oct-21,35053.7,35324.4,34872.4,36747.97332,0
14-Oct-21,35921.4,36412.4,35571.4,37879.81972,0
18-Oct-21,36012,36400.6,35863.4,37867.54418,0
19-Oct-21,36841.6,37491.9,36720,39002.82357,0
20-Oct-21,37188.1,37463.9,36534.5,38973.69517,0
21-Oct-21,36988.9,36988.9,35624.5,38479.55267,0
22-Oct-21,35892.6,36297.2,35098.2,37759.97716,0
25-Oct-21,35467.1,35521.1,34529.9,36952.60033,0
26-Oct-21,35181.7,35699.9,34957.8,37138.60597,0
27-Oct-21,35245.1,35578,35163.1,37011.7934,0
28-Oct-21,35575.6,35575.6,34787.1,37009.29668,0
29-Oct-21,34820.3,35178.8,34288.6,36596.50564,0
01-Nov-21,34677.3,35328.6,34654.9,36752.34258,0
02-Nov-21,35334.2,35522.4,35076.1,36953.95272,0
03-Nov-21,35351.4,35525.8,35093.1,36957.48974,0
04-Nov-21,35403,35452.4,35302.4,36881.13172,0
08-Nov-21,35606,35852.5,35177.9,37297.35575,0
09-Nov-21,35839.2,36117.9,35763.9,37573.45137,0
10-Nov-21,35635.1,35862.4,35576.2,37307.65472,0
11-Nov-21,35626.6,35697,35141.3,37135.5891,0
12-Nov-21,35860.1,36378.1,35732.8,37844.13743,0
15-Nov-21,36391.1,36646.2,36302.9,38123.04186,0
16-Nov-21,36555.2,36794.2,36429.9,38277.00626,0
17-Nov-21,36623.8,36835.9,36431.2,38320.38677,0
18-Nov-21,36641.6,36702.4,35867.3,38181.50672,0
22-Nov-21,36097,36097,35224.6,37551.7091,0
23-Nov-21,35206,35645.4,34707.9,37081.90962,0
24-Nov-21,35627.9,35662.6,34828.3,37099.80278,0
25-Nov-21,34978,35365.8,34934.6,36791.04174,0
26-Nov-21,35024.7,35190.1,34512.6,36608.26103,0
29-Nov-21,34382.4,35104.4,33953.9,36519.10732,0
30-Nov-21,35018.9,35654.2,34918.6,37091.06426,0
01-Dec-21,35143,35652.2,35123.9,37088.98366,0
02-Dec-21,35504.8,36195.6,35418.2,37654.28268,0
03-Dec-21,36314.8,36518.8,35784.1,37990.50764,0
06-Dec-21,35835.4,35953.8,34828.1,37402.73814,0
07-Dec-21,35136.6,35384,34756.6,36809.9752,0
08-Dec-21,35584.8,36131.9,35576.9,37588.01557,0
09-Dec-21,35963.7,36114,35573.4,37569.3942,0
10-Dec-21,35820.1,35974.8,35652.2,37424.58444,0
13-Dec-21,36104.4,36507.3,35984.6,37978.54419,0
14-Dec-21,35946.8,36252.1,35637.9,37713.05963,0
15-Dec-21,36033.9,36060,35536.1,37513.218,0
16-Dec-21,36078.3,36354.9,35979.1,37820.00247,0
17-Dec-21,36704.2,37013.2,36497.9,38504.83196,0
20-Dec-21,36411.9,36598.4,35559.3,38073.31552,0
21-Dec-21,36159.2,36970.6,36147.6,38460.51518,0
22-Dec-21,36853.9,37014.8,36669,38506.49644,0
23-Dec-21,37190.3,37528,37086.9,39040.3784,0
24-Dec-21,37657.1,37822.1,37417.6,39346.33063,0
27-Dec-21,37722.9,38029.3,37431,39561.88079,0
28-Dec-21,38184.6,38500.2,38164.4,40051.75806,0
29-Dec-21,38269.1,38484.9,38181.9,40035.84147,0
30-Dec-21,38231.1,38897.6,38153.4,40465.17328,0
31-Dec-21,38708.1,38861.1,38468.4,40427.20233,0
03-Jan-22,38752.6,39286.4,38752.6,40869.64192,0
04-Jan-22,39243.5,39446.7,38828.6,41036.40201,0
05-Jan-22,39261.6,39293.1,38409.2,40876.61193,0
06-Jan-22,38181.4,38206.6,37757.2,39746.32598,0
07-Jan-22,38140.1,38394.8,38003.1,39942.11044,0
10-Jan-22,38596.8,38621.9,37991.3,40178.36257,0
11-Jan-22,38186.9,38664.4,38138,40222.57532,0
12-Jan-22,38857.8,38902.8,38424.8,40470.58284,0
13-Jan-22,38768.9,38886.9,38151.1,40454.04207,0
14-Jan-22,38351.4,38892.6,38049.6,40459.97178,0
17-Jan-22,38764.6,38993.2,38486.4,40564.62596,0
18-Jan-22,38830.1,38990.6,38004.2,40561.92118,0
19-Jan-22,38011.9,38011.9,37236.1,39543.77957,0
20-Jan-22,37175,37249.1,36512.5,38750.23873,0
21-Jan-22,36354.3,36579.6,35836.6,38053.75788,0
24-Jan-22,35934.2,35969.9,34563.2,37419.48697,0
25-Jan-22,34490.4,35065.8,33956.6,36478.95174,0
27-Jan-22,34338.1,34362.9,33251.7,35747.72487,0
28-Jan-22,33608.4,34473.5,33608.4,35862.78205,0
31-Jan-22,34519.3,34972.2,34440.3,36381.57966,0
01-Feb-22,35337.9,35435.5,34754.4,36863.55065,0
02-Feb-22,35556.5,35845.3,35278.6,37289.86559,0
03-Feb-22,35656.9,35693.4,34962.4,37131.84402,0
04-Feb-22,34982.7,35194.6,34539.9,36612.94238,0
07-Feb-22,34898,35148,34372.9,36564.4644,0
08-Feb-22,34687.9,34862.1,34189.6,36267.04263,0
09-Feb-22,34741.9,35052.6,34707.6,36465.21978,0
10-Feb-22,35255.9,35379.9,34994.8,36805.70997,0
11-Feb-22,34889.4,34917.9,34313.2,36325.09137,0
14-Feb-22,33857.4,34466.6,33666.2,35855.60398,0
15-Feb-22,34268.3,35017.1,34081.1,36428.28913,0
16-Feb-22,35103.2,35209.7,34712.3,36628.65091,0
17-Feb-22,35022.9,35052.4,34564.2,36465.01172,0
18-Feb-22,34359.9,34727.1,34295.7,36126.60213,0
21-Feb-22,34372,34692.4,33989.3,36090.50372,0
22-Feb-22,33678.4,34287.2,33600.4,35668.97416,0
23-Feb-22,34385.1,34430.9,34042.7,35818.46527,0
24-Feb-22,33077.6,33396.2,32438.2,34742.06686,0
25-Feb-22,33214.4,33678,33058.8,35035.2234,0
28-Feb-22,33180.4,33961.1,32858.8,35329.73233,0
02-Mar-22,33748.4,33924.8,33484.6,35291.96944,0
03-Mar-22,34032.2,34410.7,33887.6,35797.45121,0
04-Mar-22,33720.6,34504.9,33462.2,35895.44747,0
07-Mar-22,33524.6,34435.6,33499.4,35823.35468,0
08-Mar-22,33977.9,35162.9,33977.9,36579.96487,0
09-Mar-22,35218.1,35726.2,35154.2,37165.96586,0
10-Mar-22,35931.1,35931.1,35265.5,37379.12333,0
11-Mar-22,35203.8,35478.4,35148.1,36908.17952,0
14-Mar-22,35347.9,36071.4,35347.9,37525.07742,0
15-Mar-22,36131.4,36131.4,34996.6,37587.49542,0
16-Mar-22,35601.4,35787.9,35369.7,37230.15237,0
17-Mar-22,36245.1,36246.4,35466.2,37707.12992,0
21-Mar-22,35829.2,36135.5,35299.1,37591.76065,0
22-Mar-22,35425.9,36119.9,35309.6,37575.53197,0
23-Mar-22,36251.9,36362.9,35883.1,37828.32487,0
24-Mar-22,35872.6,36597.8,35853.1,38072.69134,0
25-Mar-22,36630.2,36710.5,35914.8,38189.93315,0
28-Mar-22,36108.5,36207.8,35669.6,37666.97434,0
29-Mar-22,36075.4,36256.3,35982.9,37717.42889,0
30-Mar-22,36493.1,36519.8,36244.4,37991.54794,0
31-Mar-22,36517.9,36663.2,36164.9,38140.72696,0
01-Apr-22,36228.2,36424.6,36039.6,37892.51138,0
04-Apr-22,36347.6,36526.8,36130.4,37998.83004,0
05-Apr-22,36534.9,36813.1,36423.5,38296.66793,0
06-Apr-22,36371,36371.9,35781.5,37837.68757,0
07-Apr-22,35744.6,35817.4,35379.2,37260.84122,0
08-Apr-22,35599.3,35679.3,35219.6,37117.17579,0
11-Apr-22,35429.6,35443.8,34832.9,36872.18514,0
12-Apr-22,34683.9,34747.8,34204.1,36148.13634,0
13-Apr-22,34553.1,34591,34231.8,35985.0173,0
18-Apr-22,33174.6,33366.1,32600.9,34710.75383,0
19-Apr-22,33108.6,33108.6,31569.3,34442.87658,0
20-Apr-22,32030.8,32306.3,31718.2,33608.24389,0
21-Apr-22,32399.6,32700,32145.3,34017.81,0
22-Apr-22,32287.8,32748.8,32186.4,34068.57664,0
25-Apr-22,32103.2,32130.4,31637.4,33425.25512,0
26-Apr-22,32088.9,32141.4,31683.2,33436.69842,0
27-Apr-22,31689.8,31689.8,31276.2,32966.89894,0
28-Apr-22,31858.5,32156.3,31468.2,33452.19889,0
29-Apr-22,32135.9,32212.9,31541.3,33511.07987,0
02-May-22,31377.3,31409.7,30940.7,32675.51091,0
04-May-22,31260.4,31452.8,30663.4,32720.34784,0
05-May-22,31215.7,31470.2,31117.5,32738.44906,0
06-May-22,30803.8,30881.1,30278.8,32125.60833,0
09-May-22,30490.9,30934.4,30019.8,32181.05632,0
10-May-22,30635,30785.9,30343.1,32026.57177,0
11-May-22,30425.6,30548.6,29669.2,31779.70858,0
12-May-22,29744.5,30184.3,29497.2,31400.72729,0
13-May-22,30062.8,30115.1,29539.1,31328.73853,0
16-May-22,29680.7,29875.2,29278.3,31079.17056,0
17-May-22,29503.3,30313.9,29339.7,31535.55017,0
18-May-22,30367.5,30823.2,30045.7,32065.37496,0
19-May-22,29448.4,29495.2,28193.6,30683.85656,0
20-May-22,28884.8,28897.4,28577.7,30061.96522,0
23-May-22,28861.3,29308.2,28604.7,30489.32046,0
24-May-22,29123.6,29141.6,28425.4,30316.00648,0
25-May-22,28470.9,28479.3,27423.8,29627.01579,0
26-May-22,27729.2,28040.2,27516.4,29170.22006,0
27-May-22,28302.3,28728.3,28210.8,29886.05049,0
30-May-22,29084.1,29837.7,29069,31040.15931,0
31-May-22,29609.1,29807.3,29294.3,31008.53419,0
01-Jun-22,29822.2,29829.8,29148.6,31031.94094,0
02-Jun-22,29249.8,29875.3,29197.9,31079.27459,0
03-Jun-22,30169.9,30559,29858.2,31790.5277,0
06-Jun-22,29750.7,29972.8,29281.4,31180.70384,0
07-Jun-22,29593.4,29650.6,29243.9,30845.51918,0
08-Jun-22,29519.7,29588.4,29155.6,30780.81252,0
09-Jun-22,29254.4,29802.8,29062.2,31003.85284,0
10-Jun-22,29299.5,29350.6,29022.8,30533.42918,0
13-Jun-22,28419.8,28443.8,27792.1,29590.08514,0
14-Jun-22,27626.2,28249.6,27502.1,29388.05888,0
15-Jun-22,28017.9,28131.2,27786.7,29264.88736,0
16-Jun-22,28191.8,28224.5,27067.4,29361.94735,0
17-Jun-22,26866.6,26993.6,26399.8,28081.44208,0
20-Jun-22,26819.4,27112.7,26544.8,28205.34181,0
21-Jun-22,27202.9,27895,27137.9,29019.1685,0
22-Jun-22,27656.3,27824.1,27426.1,28945.41123,0
23-Jun-22,27532.8,28100.1,27532.8,29232.53403,0
24-Jun-22,28261,28361.2,27631.4,29504.15636,0
27-Jun-22,28293.2,28588.7,28251.4,29740.82461,0
28-Jun-22,28218.5,28602.1,27983.6,29754.76463,0
29-Jun-22,28105.7,28446.4,28046.8,29592.78992,0
30-Jun-22,28131.9,28325.7,27775.8,29467.22571,0
01-Jul-22,27718.8,28151,27524.3,29285.4853,0
04-Jul-22,28084.2,28174.4,27643.7,29309.82832,0
05-Jul-22,28020.3,28233.1,27642.6,29370.89393,0
06-Jul-22,27778.7,28148.9,27628.6,29283.30067,0
07-Jul-22,28217.8,28459.2,28077.1,29606.10576,0
08-Jul-22,28450.6,28459.6,28095.3,29606.52188,0
11-Jul-22,27855.8,27941.2,27195.7,29067.23036,0
12-Jul-22,27248.2,27504.4,27022.8,28612.82732,0
13-Jul-22,27228.9,27247.4,26872.8,28345.47022,0
14-Jul-22,27155,27162.9,26298,28257.56487,0
15-Jul-22,26664.3,26734,26189.4,27811.3802,0
18-Jul-22,26801.8,27376.2,26785.8,28479.46086,0
19-Jul-22,27071.8,27399.5,27065.8,28503.69985,0
20-Jul-22,27701.1,28175.5,27631.4,29310.97265,0
21-Jul-22,28116.6,28369.9,27848.8,29513.20697,0
22-Jul-22,28429.6,28549.2,27862.1,29699.73276,0
25-Jul-22,28006.7,28320.8,27890.7,29462.12824,0
26-Jul-22,28157.5,28157.5,27383.9,29292.24725,0
27-Jul-22,27420.7,27908.2,27339.9,29032.90046,0
28-Jul-22,28225.1,28703.4,28170.4,29860.14702,0
29-Jul-22,28983.2,29355,28909.2,30538.0065,0
01-Aug-22,29376.7,29376.7,28928.9,30560.58101,0
02-Aug-22,29131.1,29153.1,28871.2,30327.96993,0
03-Aug-22,29002.3,29453.3,28929.9,30640.26799,0
04-Aug-22,29694.1,29972.3,29278.2,31180.18369,0
05-Aug-22,29891.8,30080.2,29799.2,31292.43206,0
08-Aug-22,29999.2,30036.8,29694.2,31247.28304,0
10-Aug-22,30013.4,30013.4,29456.8,31222.94002,0
11-Aug-22,30164.2,30388.9,30073.9,31613.57267,0
12-Aug-22,30184.9,30195,29819.2,31411.8585,0
16-Aug-22,30130.9,30141.3,29826.2,31355.99439,0
17-Aug-22,29917.3,30328.2,29784.2,31550.42646,0
18-Aug-22,30148.8,30166.1,29857.7,31381.79383,0
19-Aug-22,30095.4,30474.7,29943.9,31702.83041,0
22-Aug-22,29847.3,29881.8,29430.9,31086.03654,0
23-Aug-22,29041.6,29188.9,28714.2,30365.21267,0
24-Aug-22,28981.3,29120.3,28762.4,30293.84809,0
25-Aug-22,29061.6,29081.8,28561.8,30253.79654,0
26-Aug-22,28862.3,29067.6,28638.9,30239.02428,0
29-Aug-22,27648.1,27773.1,27333.1,28892.35593,0
30-Aug-22,27971.9,28466.8,27831.3,29614.01204,0
01-Sep-22,27987.3,28020,27710.1,29149.206,0
02-Sep-22,28083.3,28085.3,27717.2,29217.13759,0
05-Sep-22,27727,27978.8,27669.4,29106.34564,0
06-Sep-22,27884.8,27967.1,27580.3,29094.17413,0
07-Sep-22,27500.5,27917.8,27487.7,29042.88734,0
08-Sep-22,28109.7,28206.6,27959.7,29343.32598,0
09-Sep-22,28343.8,28848.4,28127.4,30010.99052,0
12-Sep-22,28975.9,29296.2,28932.1,30476.83686,0
13-Sep-22,29334.1,29344.9,29062.6,30527.49947,0
14-Sep-22,28215.8,28284.1,28040.3,29423.94923,0
15-Sep-22,28232.8,28265.8,27684.4,29404.91174,0
16-Sep-22,27530.6,27575.6,26632.9,28686.89668,0
19-Sep-22,26882.7,27034,26506.9,28123.4702,0
20-Sep-22,27079.2,27370.3,26969.6,28473.32309,0
21-Sep-22,26896.8,27020.5,26805.4,28109.42615,0
22-Sep-22,26659.1,27009.1,26552.4,28097.56673,0
23-Sep-22,26715.7,27063.5,26560.9,28154.15905,0
26-Sep-22,26431.9,27049.2,26186.7,28139.28276,0
27-Sep-22,26922.5,27101.1,26682.2,28193.27433,0
28-Sep-22,26778.8,27243.2,26773.8,28341.10096,0
29-Sep-22,27273.9,27300,26721.9,28400.19,0
30-Sep-22,26713.1,27091,26453,28182.7673,0
03-Oct-22,26950.1,27011.5,26597.6,28100.06345,0
04-Oct-22,27163.3,27530.8,27106.5,28640.29124,0
06-Oct-22,27734.8,28009.3,27726.1,29138.07479,0
07-Oct-22,27874.8,27972.8,27656.7,29100.10384,0
10-Oct-22,27259.4,28097.6,27259.4,29229.93328,0
11-Oct-22,28065.2,28313.3,27400.1,29454.32599,0
12-Oct-22,27609.7,27752,27416.7,28870.4056,0
13-Oct-22,27625.8,27705.2,27346.5,28821.71956,0
14-Oct-22,28221.1,28371.3,27842.7,29514.66339,0
17-Oct-22,27903.3,28128.8,27798.7,29262.39064,0
18-Oct-22,28342.5,28402.9,28211.6,29547.53687,0
19-Oct-22,28370.5,28376.7,28007.1,29520.28101,0
20-Oct-22,27905.6,28462.2,27901.1,29609.22666,0
21-Oct-22,28428.4,28476.2,28207.3,29623.79086,0
24-Oct-22,28632.8,28663.7,28504.6,29818.84711,0
25-Oct-22,28687.9,28820.2,28544.7,29981.65406,0
27-Oct-22,28787.1,28827.4,28403.3,29989.14422,0
28-Oct-22,28567.7,28629.6,28267.2,29783.37288,0
31-Oct-22,28588.7,28843.2,28573.2,30005.58096,0
01-Nov-22,28924.2,29296.2,28874.7,30476.83686,0
02-Nov-22,29299.4,29307,29023.5,30488.0721,0
03-Nov-22,28866.3,28969.2,28643.5,30136.65876,0
04-Nov-22,28756.8,28757.9,28425.6,29916.84337,0
07-Nov-22,28815.9,28944.2,28480.7,30110.65126,0
09-Nov-22,28940.4,28940.4,28505.3,30106.69812,0
10-Nov-22,28287.8,28667.8,28284.7,29823.11234,0
11-Nov-22,29182.3,29733.2,29163.8,30931.44796,0
14-Nov-22,29709.8,29945.2,29610.6,31151.99156,0
15-Nov-22,29789.8,29926.2,29531.7,31132.22586,0
16-Nov-22,29920.7,30125.2,29812.9,31339.24556,0
17-Nov-22,29810.4,29838.6,29610.1,31041.09558,0
18-Nov-22,29739.2,29890.5,29398.9,31095.08715,0
21-Nov-22,29520.2,29576.2,29153.9,30768.12086,0
22-Nov-22,29195.7,29478,29020.3,30665.9634,0
23-Nov-22,29574.7,29592.1,29365.2,30784.66163,0
24-Nov-22,29507.6,30258,29464.8,31477.3974,0
25-Nov-22,30233.9,30400.3,29981.2,31625.43209,0
28-Nov-22,30207.8,30619.7,30152.8,31853.67391,0
29-Nov-22,30242.4,30568.3,30228.1,31800.20249,0
30-Nov-22,30274.5,30499.3,30133.9,31728.42179,0
01-Dec-22,30749.4,31227.6,30723.2,32486.07228,0
02-Dec-22,31097.6,31135.2,30869.7,32389.94856,0
05-Dec-22,31052,31104.1,30750.6,32357.59523,0
06-Dec-22,30656.2,30690.4,30323.9,31927.22312,0
07-Dec-22,30319.2,30337.3,30091.2,31559.89319,0
08-Dec-22,30175.8,30226.6,29983.4,31444.73198,0
09-Dec-22,30196.2,30196.2,29038.6,31413.10686,0
12-Dec-22,28940.9,29183.8,28661.1,30359.90714,0
13-Dec-22,29103.5,29421.1,28993.8,30606.77033,0
14-Dec-22,29546.9,29810.3,29503.1,31011.65509,0
15-Dec-22,29609.6,29615.9,29039.2,30809.42077,0
16-Dec-22,28805.9,29131.8,28623.7,30305.81154,0
19-Dec-22,28567.7,28698.2,28374.4,29854.73746,0
20-Dec-22,28464.8,28644.1,28109.2,29798.45723,0
21-Dec-22,28742.3,28958.2,28658.7,30125.21546,0
22-Dec-22,28973.3,29022.3,28629.8,30191.89869,0
23-Dec-22,28442.8,28603.6,28179.6,29756.32508,0
26-Dec-22,28268.2,28493.2,28209.9,29641.47596,0
27-Dec-22,28551.8,28685,28333.8,29841.0055,0
28-Dec-22,28495.8,28715.3,28346.2,29872.52659,0
29-Dec-22,28408.3,28724.8,28386.7,29882.40944,0
30-Dec-22,28887.8,29027,28564.8,30196.7881,0
02-Jan-23,28681.6,28777.6,28474.7,29937.33728,0
03-Jan-23,28713.7,29032.4,28636.4,30202.40572,0
04-Jan-23,28912.6,28925.4,28600.8,30091.09362,0
05-Jan-23,28803.1,28803.1,28386,29963.86493,0
06-Jan-23,28466.9,28507.2,27908.8,29656.04016,0
09-Jan-23,28134.1,28780,28134.1,29939.834,0
10-Jan-23,28627.8,28661.7,28242.9,29816.76651,0
11-Jan-23,28550.7,28946,28460,30112.5238,0
12-Jan-23,28722.4,28832.6,28509.5,29994.55378,0
13-Jan-23,28717,29060.9,28292.3,30232.05427,0
16-Jan-23,29037.1,29327.9,28895.4,30509.81437,0
17-Jan-23,29291.2,29518.8,29259.1,30708.40764,0
18-Jan-23,29580.2,29715.8,29541.9,30913.34674,0
19-Jan-23,29487.5,29714.9,29396.1,30912.41047,0
20-Jan-23,29574.4,29783.8,29479.7,30984.08714,0
23-Jan-23,29620.2,30124.1,29505.5,31338.10123,0
24-Jan-23,30220.5,30499.8,30151.6,31728.94194,0
25-Jan-23,30208.1,30231.4,30004.8,31449.72542,0
27-Jan-23,30052.7,30234.3,29542.4,31452.74229,0
30-Jan-23,29842.7,30224.5,29606.3,31442.54735,0
31-Jan-23,30163.2,30172.8,29556.3,31388.76384,0
01-Feb-23,29885.9,30083.4,29659,31295.76102,0
02-Feb-23,30124.9,30610.1,30107.1,31843.68703,0
03-Feb-23,30839.1,30849.6,30417.9,32092.83888,0
06-Feb-23,30502.9,30534.7,30186.7,31765.24841,0
07-Feb-23,30429.8,30544.1,30250.8,31775.02723,0
08-Feb-23,30415.6,30938.4,30415.6,32185.21752,0
09-Feb-23,30769.8,31012.9,30665.4,32262.71987,0
10-Feb-23,30839.2,30900.2,30636.4,32145.47806,0
13-Feb-23,30790.2,30792.8,30238.1,32033.74984,0
14-Feb-23,30481.5,30759.4,30457.4,31999.00382,0
15-Feb-23,30512,30959.3,30324.2,32206.95979,0
16-Feb-23,31042.3,31587.3,31024.2,32860.26819,0
17-Feb-23,31147.1,31218.2,30963.1,32476.29346,0
20-Feb-23,31056.1,31405.3,30961.9,32670.93359,0
21-Feb-23,31318.3,31393,30911.1,32658.1379,0
22-Feb-23,30621.1,30815.9,30503.3,32057.78077,0
23-Feb-23,30759.6,30899.4,30497.6,32144.64582,0
24-Feb-23,30732.4,30859.7,30445.9,32103.34591,0
27-Feb-23,30338.7,30345.5,29667.1,31568.42365,0
28-Feb-23,29986.2,30294.4,29608.9,31515.26432,0
01-Mar-23,29722.2,30121.7,29712.8,31335.60451,0
02-Mar-23,29883.1,29936.4,29618.6,31142.83692,0
03-Mar-23,29968.8,29988.6,29774.1,31197.14058,0
06-Mar-23,30048.7,30340.9,30032.1,31563.63827,0
08-Mar-23,29944.2,30096.7,29729.2,31309.59701,0
09-Mar-23,30090.2,30096.6,29712,31309.49298,0
10-Mar-23,29418.6,29584.4,29324,30776.65132,0
13-Mar-23,29695,30051.6,29187.1,31262.67948,0
14-Mar-23,29281.2,29402.2,28638.9,30587.10866,0
15-Mar-23,29080.3,29179.5,28689.4,30355.43385,0
16-Mar-23,28694.3,28746.3,28400.3,29904.77589,0
17-Mar-23,28737.7,29120.8,28721.1,30294.36824,0
20-Mar-23,28732.8,28744.3,28209.1,29902.69529,0
21-Mar-23,28455.7,28552,28124.2,29702.6456,0
22-Mar-23,28375.9,28549,28148.4,29699.5247,0
23-Mar-23,28065.8,28116.4,27843.2,29249.49092,0
24-Mar-23,28208.3,28453.8,27869.5,29600.48814,0
27-Mar-23,27985.7,28193.6,27818.2,29329.80208,0
28-Mar-23,27998.3,28090.8,27674.7,29222.85924,0
29-Mar-23,27777.9,28113.9,27639.7,29246.89017,0
31-Mar-23,28379.8,28741.6,28277,29899.88648,0
03-Apr-23,28841.6,28841.6,28449.2,30003.91648,0
05-Apr-23,28520,29032.7,28506.7,30202.71781,0
06-Apr-23,28876.2,29004.8,28666,30173.69344,0
10-Apr-23,28810.8,29086.4,28739.4,30258.58192,0
11-Apr-23,29051.8,29095.4,28530.5,30267.94462,0
12-Apr-23,28773.4,29031.1,28578.1,30201.05333,0
13-Apr-23,28713.7,28736.7,28230,29894.78901,0
17-Apr-23,27059.2,27076.2,26184.4,28167.37086,0
18-Apr-23,27189.4,27189.4,26851.7,28285.13282,0
19-Apr-23,27174.6,27193.1,26640.2,28288.98193,0
20-Apr-23,26694.1,26868.9,26597.9,27951.71667,0
21-Apr-23,26701.7,26835.7,26602.8,27917.17871,0
24-Apr-23,26910.7,27034.9,26721.5,28124.40647,0
25-Apr-23,27028.8,27082.1,26820.7,28173.50863,0
26-Apr-23,27007.6,27158.8,26977.6,28253.29964,0
27-Apr-23,27079,27378.1,27024.2,28481.43743,0
28-Apr-23,27401.9,27743,27388.8,28861.0429,0
02-May-23,27792.7,28154.1,27756,29288.71023,0
03-May-23,27872.4,27883.4,27693.3,29007.10102,0
04-May-23,27716.6,27912.5,27685.6,29037.37375,0
05-May-23,27905.3,27915.2,27634.8,29040.18256,0
08-May-23,27837.3,27947,27735.2,29073.2641,0
09-May-23,27961,28168.4,27910.7,29303.58652,0
10-May-23,28220.4,28236.8,27998.9,29374.74304,0
11-May-23,28298.2,28348.3,28039.2,29490.73649,0
12-May-23,28070.8,28164.4,27874.1,29299.42532,0
15-May-23,28083.8,28323.6,27957.5,29465.04108,0
16-May-23,28252.8,28421.1,28178.7,29566.47033,0
17-May-23,28197.8,28300.1,27776.8,29440.59403,0
18-May-23,28125.4,28137.7,27858.8,29271.64931,0
19-May-23,28063.3,28369.4,28007.1,29512.68682,0
22-May-23,28357.6,29062.1,28294.2,30233.30263,0
23-May-23,29076.5,29319.9,28830,30501.49197,0
24-May-23,28721.2,28959.3,28655,30126.35979,0
25-May-23,28854.9,28970.9,28686.2,30138.42727,0
26-May-23,28975.9,29384.8,28975.9,30569.00744,0
29-May-23,29629.8,29659.6,29200.2,30854.88188,0
30-May-23,29253.5,29405.2,29172.7,30590.22956,0
31-May-23,29248.1,29495.1,29212.5,30683.75253,0
01-Jun-23,29455.3,29599.1,29382.1,30791.94373,0
02-Jun-23,29485.8,29550.2,29272.6,30741.07306,0
05-Jun-23,29459.2,29533.4,29217.3,30723.59602,0
06-Jun-23,29003.5,29013.9,28485.8,30183.16017,0
07-Jun-23,28886.7,28937.9,28754.8,30104.09737,0
08-Jun-23,28892.7,28918.1,28568.6,30083.49943,0
09-Jun-23,28645.7,28674.4,28322.2,29829.97832,0
12-Jun-23,28457.4,28844.3,28402.6,30006.72529,0
13-Jun-23,28935.9,28974.2,28866.2,30141.86026,0
14-Jun-23,28896.2,28928.7,28666.9,30094.52661,0
15-Jun-23,28824.6,28833.2,28645.8,29995.17796,0
16-Jun-23,28671.1,28759.4,28441.1,29918.40382,0
19-Jun-23,28641.4,28750.7,28568.6,29909.35321,0
20-Jun-23,28728.5,28966.9,28640.3,30134.26607,0
21-Jun-23,29022.7,29084.4,28869.8,30256.50132,0
22-Jun-23,28969.2,28977.9,28750.4,30145.70937,0
23-Jun-23,28747.6,28752.5,28482.2,29911.22575,0
26-Jun-23,28539.8,28631.8,28451.2,29785.66154,0
27-Jun-23,28681.9,28821.8,28630.4,29983.31854,0
28-Jun-23,28945,28997.3,28778.2,30165.89119,0
30-Jun-23,29013.2,29594.2,28957.2,30786.84626,0
03-Jul-23,29648.4,29718.9,29334.4,30916.57167,0
04-Jul-23,29557.6,29743.3,29444.8,30941.95499,0
05-Jul-23,29910,29910.3,29702.7,31115.68509,0
06-Jul-23,29792.1,29848.1,29690.2,31050.97843,0
07-Jul-23,29654.2,29937.8,29508.8,31144.29334,0
10-Jul-23,29609.8,29609.8,29116.3,30803.07494,0
11-Jul-23,29299.3,29371.5,29092.7,30555.17145,0
12-Jul-23,29412.5,29424.8,29020.2,30610.61944,0
13-Jul-23,29158.6,29903.7,29115.7,31108.81911,0
14-Jul-23,29860.6,31017.6,29847.1,32267.60928,0
17-Jul-23,31007.6,31658.1,30805,32933.92143,0
18-Jul-23,31089.9,31491.8,30865.8,32760.91954,0
19-Jul-23,31490.4,31653.8,31068.2,32929.44814,0
20-Jul-23,31292.3,31348.6,30960.8,32611.94858,0
21-Jul-23,29854.2,30338.1,29701.2,31560.72543,0
24-Jul-23,29993.8,30112.9,29807.2,31326.44987,0
25-Jul-23,29899,29921.4,29685.4,31127.23242,0
26-Jul-23,29854.4,29988.9,29770.2,31197.45267,0
27-Jul-23,29826,29895,29670.5,31099.7685,0
28-Jul-23,29741.2,29829.8,29339.3,31031.94094,0
31-Jul-23,29605.5,29951.6,29452.3,31158.64948,0
01-Aug-23,29998.2,30348.8,29948,31571.85664,0
02-Aug-23,30253.1,30259.4,29801.6,31478.85382,0
03-Aug-23,29913.7,30054.3,29685.2,31265.48829,0
04-Aug-23,30082.6,30555.8,30027.3,31787.19874,0
07-Aug-23,30582.4,30809,30451.3,32050.6027,0
08-Aug-23,30817.2,30910.6,30670.2,32156.29718,0
09-Aug-23,30772.5,30964.7,30590.6,32212.57741,0
10-Aug-23,30845.7,30967.8,30722.2,32215.80234,0
11-Aug-23,30950.3,31164.3,30764.5,32420.22129,0
14-Aug-23,30755.8,31058.9,30570.5,32310.57367,0
16-Aug-23,31129.3,31304.8,31047,32566.38344,0
17-Aug-23,31205.3,31238.2,30885.4,32497.09946,0
18-Aug-23,30907.4,30934.1,30515,32180.74423,0
21-Aug-23,30626.2,30987.7,30597.1,32236.50431,0
22-Aug-23,30973.9,31024.6,30785.7,32274.89138,0
23-Aug-23,31036.9,31084.7,30887.4,32337.41341,0
24-Aug-23,31084.6,31212.4,31004.8,32470.25972,0
25-Aug-23,30907.8,30998.9,30803,32248.15567,0
28-Aug-23,30975.3,31025.8,30745,32276.13974,0
29-Aug-23,30899.9,30978.2,30784.8,32226.62146,0
30-Aug-23,31069.8,31197.8,31023.8,32455.07134,0
31-Aug-23,31175.1,31428,31067.7,32694.5484,0
01-Sep-23,31166.6,31550.9,31149.2,32822.40127,0
04-Sep-23,31552.5,32197.8,31454.5,33495.37134,0
05-Sep-23,32207.4,32482.7,32014.9,33791.75281,0
06-Sep-23,32437.8,32515.1,32038.6,33825.45853,0
07-Sep-23,32264.5,32497.7,32153.4,33807.35731,0
08-Sep-23,32450.8,32561.2,32353.4,33873.41636,0
11-Sep-23,32531,32674.4,32458.1,33991.17832,0
12-Sep-23,32758.6,33114.1,32429.5,34448.59823,0
13-Sep-23,32943.1,32982.4,32713.1,34311.59072,0
14-Sep-23,32991.4,33240.2,32949.6,34579.78006,0
15-Sep-23,33216.9,33402.8,33156.2,34748.93284,0
18-Sep-23,33255.1,33266.9,33030.4,34607.55607,0
20-Sep-23,32860.9,33167.3,32851.8,34503.94219,0
21-Sep-23,32849.9,32976.9,32504.8,34305.86907,0
22-Sep-23,32799.1,33109.6,32664.4,34443.91688,0
25-Sep-23,32881.4,32960.9,32581.2,34289.22427,0
26-Sep-23,32675.1,32693.2,32391.4,34010.73596,0
27-Sep-23,32439.1,32651,32339.9,33966.8353,0
28-Sep-23,32616.1,32623.3,31808.8,33938.01899,0
29-Sep-23,31814.7,32020.3,31514.9,33310.71809,0
03-Oct-23,31772.8,31852.7,31499.3,33136.36381,0
04-Oct-23,31531.3,31874.7,31412.5,33159.25041,0
05-Oct-23,31995,32368.4,31956.9,33672.84652,0
06-Oct-23,32251.4,32438.4,32098.8,33745.66752,0
09-Oct-23,32216.2,32638.2,32203.6,33953.51946,0
10-Oct-23,32423.9,32616.3,32200.2,33930.73689,0
11-Oct-23,32688.7,32981.9,32489.6,34311.07057,0
12-Oct-23,32474.2,32556.5,31907,33868.52695,0
13-Oct-23,31457.5,32024.3,31434.1,33314.87929,0
16-Oct-23,31831.1,31949.8,31710.7,33237.37694,0
17-Oct-23,31884.2,31938.2,31770.8,33225.30946,0
18-Oct-23,31778.6,31882.4,31568.2,33167.26072,0
19-Oct-23,31345.6,31667,31345.6,32943.1801,0
20-Oct-23,31445.4,31605.8,31360.5,32879.51374,0
23-Oct-23,31358.4,31456.1,30802.1,32723.78083,0
25-Oct-23,30790.3,31004.2,30469,32253.66926,0
26-Oct-23,30184,30312.4,30054.2,31533.98972,0
27-Oct-23,30328.2,30676.9,30313.9,31913.17907,0
30-Oct-23,30627.9,30698.4,30433.7,31935.54552,0
31-Oct-23,30765.2,30769.2,30396.1,32009.19876,0
01-Nov-23,30609.4,30694.4,30283.2,31931.38432,0
02-Nov-23,30575.8,30731.6,30495.3,31970.08348,0
03-Nov-23,30797.2,30924.8,30739.3,32171.06944,0
06-Nov-23,30955.3,31034.2,30863.7,32284.87826,0
07-Nov-23,30949.9,31052.5,30860.7,32303.91575,0
08-Nov-23,31049.8,31128.9,30865.2,32383.39467,0
09-Nov-23,30982.7,30993.1,30655.6,32242.12193,0
10-Nov-23,30623.7,30680.8,30504.1,31917.23624,0
12-Nov-23,30852.2,30911.7,30820.9,32157.44151,0
13-Nov-23,30793.7,30810.3,30572.9,32051.95509,0
15-Nov-23,31095.8,31472.5,30987.8,32740.84175,0
16-Nov-23,31555.1,32453.7,31431.5,33761.58411,0
17-Nov-23,32288.9,32405.8,32134.7,33711.75374,0
20-Nov-23,32202.3,32600.3,32198.1,33914.09209,0
21-Nov-23,32507.8,32587.2,32300.1,33900.46416,0
22-Nov-23,32298,32583.4,32262.2,33896.51102,0
23-Nov-23,32657.2,32688,32334.5,34005.3264,0
24-Nov-23,32341,32420.4,32010,33726.94212,0
28-Nov-23,32115.8,32187.9,31807.8,33485.07237,0
29-Nov-23,32258.5,32633,32248.3,33948.1099,0
30-Nov-23,32569.8,32701.7,32455.3,34019.57851,0
01-Dec-23,32729.8,32729.8,32478.8,34048.81094,0
04-Dec-23,32888.2,32888.2,32522.4,34213.59446,0
05-Dec-23,32754,32755.2,32252.4,34075.23456,0
06-Dec-23,32560.2,33073.1,32529.3,34405.94593,0
07-Dec-23,33053.6,33111.6,32891.8,34445.99748,0
08-Dec-23,33098.6,33452.4,33012.7,34800.53172,0
11-Dec-23,33424,33615.7,33332.5,34970.41271,0
12-Dec-23,33484.8,33799.8,33358,35161.93194,0
13-Dec-23,33466.3,33497.4,32715.7,34847.34522,0
14-Dec-23,33451.9,34308.6,33419.1,35691.23658,0
15-Dec-23,34427.6,35947.6,34427.6,37396.28828,0
18-Dec-23,35707.3,36132,35487.9,37588.1196,0
19-Dec-23,35728.4,35762.1,35091.9,37203.31263,0
20-Dec-23,35492.8,35928.5,34621,37376.41855,0
21-Dec-23,34406.8,35020,34394.6,36431.306,0
22-Dec-23,34974.6,35770.4,34740.1,37211.94712,0
26-Dec-23,35421.1,35682.6,35185.4,37120.60878,0
27-Dec-23,35557.3,35814.7,35447.1,37258.03241,0
28-Dec-23,35812,35850.4,35614.8,37295.17112,0
29-Dec-23,35559.4,35781.1,35395.1,37223.07833,0
01-Jan-24,35496.4,35890.8,35353.9,37337.19924,0
02-Jan-24,35668.1,35701.8,35106.1,37140.58254,0
03-Jan-24,35039.1,35076.9,34367.8,36490.49907,0
04-Jan-24,34552.9,34800.4,34236.6,36202.85612,0
05-Jan-24,34469.7,34991.6,34459.4,36401.76148,0
08-Jan-24,34876.6,34881.8,34419.8,36287.53654,0
09-Jan-24,34926.6,35139.4,34608.4,36555.51782,0
10-Jan-24,34693,34941,34546.9,36349.1223,0
11-Jan-24,34978.3,35104.9,34665.1,36519.62747,0
12-Jan-24,35673,36581.1,35659.6,38055.31833,0
15-Jan-24,37538.4,37929.3,37109.4,39457.85079,0
16-Jan-24,37132.4,37132.4,36600.4,38628.83572,0
17-Jan-24,36299.6,37107.2,36289.3,38602.62016,0
18-Jan-24,36784.4,36826.4,36136.4,38310.50392,0
19-Jan-24,37065,37263.9,36831.4,38765.63517,0
20-Jan-24,37259.8,37310.6,36643.7,38814.21718,0
23-Jan-24,36958.3,37383.4,36424.9,38889.95102,0
24-Jan-24,36761.6,37174.2,36435.3,38672.32026,0
25-Jan-24,36938.6,36938.6,36354.1,38427.22558,0
29-Jan-24,36553.8,36653.2,36351.5,38130.32396,0
30-Jan-24,36682.1,37022.9,36321.1,38514.92287,0
31-Jan-24,36373.9,36704.5,36228.9,38183.69135,0
01-Feb-24,36632.5,36951.4,36451.1,38440.54142,0
02-Feb-24,36730.1,37663.9,36729.9,39181.75517,0
05-Feb-24,37441,37574.4,37097.9,39088.64832,0
06-Feb-24,37267.1,38286,37161.6,39828.9258,0
07-Feb-24,38345.4,38373.4,37734.6,39919.84802,0
08-Feb-24,37893.4,38101.5,37625.8,39636.99045,0
09-Feb-24,37891.5,38082.1,37443.8,39616.80863,0
12-Feb-24,37770,38285.4,37770,39828.30162,0
13-Feb-24,38070.4,38258.5,37605.3,39800.31755,0
14-Feb-24,37724.8,37844.7,37200.1,39369.84141,0
15-Feb-24,38053.3,38270.4,37735.6,39812.69712,0
16-Feb-24,38211.6,38516.6,38131.9,40068.81898,0
19-Feb-24,38526.9,38559.9,38042.6,40113.86397,0
20-Feb-24,38190.8,38347.9,37780.2,39893.32037,0
21-Feb-24,37938.9,38001.4,37302.6,39532.85642,0
22-Feb-24,37535.8,38192.1,37395.4,39731.24163,0
23-Feb-24,38487.5,38490.4,37980.1,40041.56312,0
26-Feb-24,37991.9,38005.9,37384.9,39537.53777,0
27-Feb-24,37606.7,37929.3,37606.7,39457.85079,0
28-Feb-24,37926.6,38138.4,37594.5,39675.37752,0
29-Feb-24,37616.2,37896.1,37414.9,39423.31283,0
01-Mar-24,37823.7,37888.9,37462.9,39415.82267,0
02-Mar-24,37695.4,37744.9,37574.4,39266.01947,0
04-Mar-24,37634.2,37733.2,37279.4,39253.84796,0
05-Mar-24,37180.1,37202.3,36613.1,38701.55269,0
06-Mar-24,36627.6,37050.1,36134,38543.21903,0
07-Mar-24,37057.9,37318.9,36838.4,38822.85167,0
11-Mar-24,37082,37203.9,36820.4,38703.21717,0
12-Mar-24,36991.5,37568.9,36981.7,39082.92667,0
13-Mar-24,37320.8,37556.6,36689.1,39070.13098,0
14-Mar-24,36901.9,37723.4,36607.6,39243.65302,0
15-Mar-24,37524.4,37592.1,37264.9,39107.06163,0
18-Mar-24,37458.9,37522.9,36746.6,39035.07287,0
19-Mar-24,36562,36573.1,35783.4,38046.99593,0
20-Mar-24,35875.6,36115.2,35697.9,37570.64256,0
21-Mar-24,36039.2,36296.4,35816.8,37759.14492,0
22-Mar-24,35256.6,35419.2,34701.8,36846.59376,0
26-Mar-24,35003.1,35400.1,34938,36826.72403,0
27-Mar-24,35057.4,35121.6,34693.6,36537.00048,0
28-Mar-24,34862.6,35203.2,34786.6,36621.88896,0
01-Apr-24,35224,35265.3,34963.8,36686.49159,0
02-Apr-24,34900.1,34984.4,34769.9,36394.27132,0
03-Apr-24,34682.6,35289.7,34626.2,36711.87491,0
04-Apr-24,35314.7,35649.6,34915.1,37086.27888,0
05-Apr-24,35331.8,35371.1,35146.5,36796.55533,0
08-Apr-24,35381,35429.9,35018.6,36857.72497,0
09-Apr-24,35241.9,35568.8,35002.8,37002.22264,0
10-Apr-24,35191.1,35350.6,34952.2,36775.22918,0
12-Apr-24,35222.6,35363.6,34980.9,36788.75308,0
15-Apr-24,34845.8,35188.1,34335.1,36606.18043,0
16-Apr-24,34108.6,34175.6,33504.4,35552.87668,0
18-Apr-24,33746.4,34102.1,33445.4,35476.41463,0
19-Apr-24,33047.4,33538.6,32915.5,34890.20558,0
22-Apr-24,33488.8,33627.6,33341.6,34982.79228,0
23-Apr-24,33752.9,33803.9,33614.2,35166.19717,0
24-Apr-24,33829.6,33840.1,33393.6,35203.85603,0
25-Apr-24,33283.4,33659.4,33283.4,35015.87382,0
26-Apr-24,33743.1,34307.4,33574.6,35689.98822,0
29-Apr-24,33640.8,33792.9,33527.1,35154.75387,0
30-Apr-24,33547.7,33688.9,33145.9,35046.56267,0
02-May-24,33059.3,33332.2,33059.3,34675.48766,0
03-May-24,33248.5,33305,32690.5,34647.1915,0
06-May-24,33041.2,33435.4,32990.8,34782.84662,0
07-May-24,33268.1,33525.5,32998.2,34876.57765,0
08-May-24,33425.1,33489.6,33237.1,34839.23088,0
09-May-24,33275.8,33454.8,33006.9,34803.02844,0
10-May-24,33166.1,33178.4,32786.6,34515.48952,0
13-May-24,32910.6,33108.2,32669.2,34442.46046,0
14-May-24,33106.8,33321.6,32918.7,34664.46048,0
15-May-24,33144,33292.4,32986.1,34634.08372,0
16-May-24,33364.6,33705.2,33208.2,35063.51956,0
17-May-24,33763.9,33766.7,33361,35127.49801,0
18-May-24,33446.2,33494.4,33394,34844.22432,0
21-May-24,33253,33453.6,33191.8,34801.78008,0
22-May-24,33444.2,33724.4,33364.1,35083.49332,0
23-May-24,33683.7,34098.1,33615.4,35472.25343,0
24-May-24,34024.6,34088.2,33761.7,35461.95446,0
27-May-24,33914.4,34227.1,33769.9,35606.45213,0
28-May-24,34095.6,34136.2,33802.1,35511.88886,0
29-May-24,33888.9,33888.9,33515.1,35254.62267,0
30-May-24,33363.9,33433.2,32685.3,34780.55796,0
31-May-24,32732.8,32816.9,32280.8,34139.42107,0
03-Jun-24,33114.7,33143.6,32455.8,34479.28708,0
04-Jun-24,32575.2,32594.3,31320.2,33907.85029,0
05-Jun-24,32464.1,33319.6,32410.8,34662.37988,0
06-Jun-24,33451.7,34093.1,33343,35467.05193,0
07-Jun-24,34274.6,35248.1,34256.3,36668.59843,0
10-Jun-24,35140.4,35167.8,34360.6,36585.06234,0
11-Jun-24,34600.9,34751.3,34483.4,36151.77739,0
12-Jun-24,34860.1,35016.4,34505.9,36427.56092,0
13-Jun-24,34796.4,35039.6,34783.2,36451.69588,0
14-Jun-24,35035.7,35035.7,34568.9,36447.63871,0
18-Jun-24,34696,34917.6,34655.9,36324.77928,0
19-Jun-24,34904.9,35036.6,34604.1,36448.57498,0
20-Jun-24,35002.5,35002.5,34728.6,36413.10075,0
21-Jun-24,35474.4,35875.3,35061,37321.07459,0
24-Jun-24,35067.8,35282,34918.1,36703.8646,0
25-Jun-24,35146.6,35468,35004.9,36897.3604,0
26-Jun-24,35484.1,35593.9,35336,37028.33417,0
27-Jun-24,35289.2,36191.2,35105.7,37649.70536,0
28-Jun-24,36154.2,36334.6,36041.2,37798.88438,0
01-Jul-24,36103,37093.4,36085.4,38588.26402,0
02-Jul-24,37006.4,37525.4,36944.9,39037.67362,0
03-Jul-24,37439.4,37444,37064,38952.9932,0
04-Jul-24,37455.6,37935.1,37399.1,39463.88453,0
05-Jul-24,37754.1,37884.6,37491.4,39411.34938,0
08-Jul-24,37766,37949.8,37582.7,39479.17694,0
09-Jul-24,37747.3,37827.8,37603.9,39352.26034,0
10-Jul-24,37713.9,37824.6,37110.4,39348.93138,0
11-Jul-24,37464.9,37636.2,37108.4,39152.93886,0
12-Jul-24,37917.4,39237.7,37825.2,40818.97931,0
15-Jul-24,39432.1,39567,38831.6,41161.5501,0
16-Jul-24,39013.8,39280,38730.6,40862.984,0
18-Jul-24,39010.4,40075.7,39010.4,41690.75071,0
19-Jul-24,40682.7,40682.7,39833.1,42322.21281,0
22-Jul-24,39664.9,39945.5,39418.4,41555.30365,0
23-Jul-24,39773.8,40193.9,39081.3,41813.71417,0
24-Jul-24,40003,40282.1,39918.8,41905.46863,0
25-Jul-24,39809.8,40198.6,39693.6,41818.60358,0
26-Jul-24,40164.4,41073.6,40081.9,42728.86608,0
29-Jul-24,41220.8,41381.1,40691.4,43048.75833,0
30-Jul-24,40827.1,40889.9,40561.6,42537.76297,0
31-Jul-24,40728.8,41074.1,40657.1,42729.38623,0
01-Aug-24,40862.4,41036.1,40537.2,42689.85483,0
02-Aug-24,40346.6,40632.2,39662.6,42269.67766,0
05-Aug-24,38822.6,39044.7,37829.1,40618.20141,0
06-Aug-24,38565.9,39395.4,38551.7,40983.03462,0
07-Aug-24,39269.1,39427.1,38882.9,41016.01213,0
08-Aug-24,39030.5,39098.8,38371.1,40674.48164,0
09-Aug-24,39007.7,39252.4,38931.9,40834.27172,0
12-Aug-24,39038.9,39329.1,38747.9,40914.06273,0
13-Aug-24,39198.2,39383.3,38972.7,40970.44699,0
14-Aug-24,39259.7,39767.1,39177.7,41369.71413,0
16-Aug-24,40287.3,40927.1,40063.9,42576.46213,0
19-Aug-24,40940.9,41271.6,40736.6,42934.84548,0
20-Aug-24,41421.2,41746.6,41366.2,43428.98798,0
21-Aug-24,41532.1,41603.6,41368.1,43280.22508,0
22-Aug-24,41735.2,41834,41406.2,43519.9102,0
23-Aug-24,41492.8,41548.8,41029.5,43223.21664,0
26-Aug-24,41343.4,41820.9,41319.1,43506.28227,0
27-Aug-24,41696.9,41936.7,41589.9,43626.74901,0
28-Aug-24,41792.9,42717.1,41594.9,44438.59913,0
29-Aug-24,42191.1,42790.3,42151.5,44514.74909,0
30-Aug-24,42644.1,42913.9,42455.1,44643.33017,0
02-Sep-24,42864.9,43299.5,42847.8,45044.46985,0
03-Sep-24,42953.1,43194.6,42746.8,44935.34238,0
04-Sep-24,42315.7,42498.4,42023.5,44211.08552,0
05-Sep-24,42578.1,42766.1,42294.6,44489.57383,0
06-Sep-24,42607.9,42983.6,42167.1,44715.83908,0
09-Sep-24,42104.1,42431.6,41809.6,44141.59348,0
10-Sep-24,42128.3,42937.4,42055.9,44667.77722,0
11-Sep-24,42710.1,42984.2,42406.1,44716.46326,0
12-Sep-24,42836.5,43265.2,42449.1,45008.78756,0
13-Sep-24,43244.2,43571.6,42989.4,45327.53548,0
16-Sep-24,43457.4,43583.1,43286.8,45339.49893,0
17-Sep-24,43294.4,43645.9,43133.6,45404.82977,0
18-Sep-24,43222.4,43222.4,41814.4,44964.26272,0
19-Sep-24,42551,42850.4,41670.8,44577.27112,0
20-Sep-24,42186.9,42375.2,41614.2,44082.92056,0
23-Sep-24,42288.4,42378.5,41785.1,44086.35355,0
24-Sep-24,41863.4,42403.9,41691.4,44112.77717,0
25-Sep-24,42128.1,42222.9,41645.9,43924.48287,0
26-Sep-24,42033.9,42345.4,41982.9,44051.91962,0
27-Sep-24,42738.6,43377.9,42270.6,45126.02937,0
30-Sep-24,42045.6,42275.4,41853.2,43979.09862,0
01-Oct-24,41916.3,42470.5,41916.3,44182.06115,0
03-Oct-24,41978.4,42325.9,41631.5,44031.63377,0
04-Oct-24,41682.9,42566.1,41682.9,44281.51383,0
07-Oct-24,42134.6,42491.9,41760.1,44204.32357,0
08-Oct-24,42275.2,42445.2,41639.4,44155.74156,0
09-Oct-24,42524.7,42920.6,42498.6,44650.30018,0
10-Oct-24,42801.1,42880.4,42012.4,44608.48012,0
11-Oct-24,41770.5,42567.2,41734.2,44282.65816,0
14-Oct-24,42383.2,42985.1,42357.8,44717.39953,0
15-Oct-24,42917.6,43329.5,42572.8,45075.67885,0
16-Oct-24,42605.4,42691.1,42168.7,44411.55133,0
17-Oct-24,42455.6,42900.4,42369.8,44629.28612,0
18-Oct-24,42216.9,42579.8,41838,44295.76594,0
21-Oct-24,42426.4,42609.1,41481.6,44326.24673,0
22-Oct-24,41556.4,41850.6,41155.9,43537.17918,0
23-Oct-24,41168.4,42530.9,41151.4,44244.89527,0
24-Oct-24,41929.2,42379.6,41926.9,44087.49788,0
25-Oct-24,42235.3,42366.1,41874.6,44073.45383,0
28-Oct-24,42012.6,42401.3,41963.3,44110.07239,0
29-Oct-24,42167.6,42210.9,41746.6,43911.99927,0
30-Oct-24,41975.4,42164.4,41572.1,43863.62532,0
31-Oct-24,41501.9,41501.9,40191.9,43174.42657,0
01-Nov-24,40568.6,40646.7,40366.5,42284.76201,0
04-Nov-24,40202.2,40472.4,39975,42103.43772,0
05-Nov-24,40345.4,40658.2,40225.2,42296.72546,0
06-Nov-24,40770.6,42105.5,40675.1,43802.35165,0
07-Nov-24,42151.5,42369.6,41348.8,44077.09488,0
08-Nov-24,41938.8,42306.7,41840.7,44011.66001,0
11-Nov-24,41991.4,42798.1,41793.6,44522.86343,0
12-Nov-24,42846,42884.6,42462.1,44612.84938,0
13-Nov-24,42484.4,42659.7,42201.4,44378.88591,0
14-Nov-24,42318.8,42633,42162.8,44351.1099,0
18-Nov-24,42442.9,42442.9,41035.4,44153.34887,0
19-Nov-24,41534.6,42447.6,41534.6,44158.23828,0
21-Nov-24,41928.9,42325.9,41678.2,44031.63377,0
22-Nov-24,42229.2,43436.1,41983.6,45186.57483,0
25-Nov-24,43697.9,43751.6,43337.6,45514.78948,0
26-Nov-24,43763.2,44244.6,43699.4,46027.65738,0
27-Nov-24,44132.5,44330.6,43980.1,46117.12318,0
28-Nov-24,43948,44013.1,42864.8,45786.82793,0
29-Nov-24,42873.8,43468.9,42738.8,45220.69667,0
02-Dec-24,43171.8,43578,42860.8,45334.1934,0
03-Dec-24,43794.7,43811.5,43404,45577.10345,0
04-Dec-24,43761.1,44225.6,43585.1,46007.89168,0
05-Dec-24,44174.8,45027.9,44023.9,46842.52437,0
06-Dec-24,44780.4,44852.3,44519.7,46659.84769,0
09-Dec-24,44648.3,44913.3,44477.1,46723.30599,0
10-Dec-24,44848.5,45377.8,44824.1,47206.52534,0
11-Dec-24,45238.8,45398.9,45046.6,47228.47567,0
12-Dec-24,45409.7,46002.6,45375.5,47856.50478,0
13-Dec-24,45496.9,46088.9,45073.5,47946.28267,0
16-Dec-24,45937.1,46005.2,45536.9,47859.20956,0
17-Dec-24,45576.1,45759.6,45213.9,47603.71188,0
18-Dec-24,45293.1,45693,45237.3,47534.4279,0
19-Dec-24,44493.4,45265.9,44434.1,47090.11577,0
20-Dec-24,45513.4,45647.3,43663.1,47486.88619,0
23-Dec-24,44011.5,44267.4,43643.9,46051.37622,0
24-Dec-24,43897,44203.1,43262.1,45984.48493,0
26-Dec-24,43708.2,43851,43420.9,45618.1953,0
27-Dec-24,43707,43863.6,43546.1,45631.30308,0
30-Dec-24,43674.1,44175.5,43259.8,45955.77265,0
31-Dec-24,43622.4,43659.6,42574.4,45419.08188,0
01-Jan-25,43290.6,43568.5,43249.8,45324.31055,0
02-Jan-25,43401.6,44420.9,43325.9,46211.06227,0
03-Jan-25,44334.1,44337.1,43554.9,46123.88513,0
06-Jan-25,43961.6,44331.1,43401.7,46117.64333,0
07-Jan-25,43836.4,44112.1,43293.6,45889.81763,0
08-Jan-25,43333.9,43725.9,42735.6,45488.05377,0
09-Jan-25,43606.3,43838.6,43032.4,45605.29558,0
10-Jan-25,43731.5,44798.6,43731.5,46603.98358,0
13-Jan-25,44390.6,44655.7,43927.4,46455.32471,0
14-Jan-25,43996.6,44007.6,42916.8,45781.10628,0
15-Jan-25,43190.8,43447.7,42976.3,45198.64231,0
16-Jan-25,43696.4,44012.4,43095,45786.09972,0
17-Jan-25,42469,42495.1,41962.6,44207.65253,0
20-Jan-25,42377.4,42478.5,41709.6,44190.38355,0
21-Jan-25,42288.6,42536.7,41639,44250.92901,0
22-Jan-25,41755.2,42635.4,41750.2,44353.60662,0
23-Jan-25,42750.4,43663.4,42741.2,45423.03502,0
24-Jan-25,43220.4,43959.1,43217.5,45730.65173,0
27-Jan-25,42986.9,43245.9,41961.1,44988.70977,0
28-Jan-25,42097.1,42463.1,41731.2,44174.36293,0
29-Jan-25,42052,42968.4,42051.6,44700.02652,0
30-Jan-25,42893.8,43025.9,42117.4,44759.84377,0
31-Jan-25,42586.1,42967.8,42486.8,44699.40234,0
01-Feb-25,42680.8,42855.9,41938.1,44582.99277,0
03-Feb-25,41592.2,42375.2,41328.2,44082.92056,0
04-Feb-25,42642.8,42931.1,42407.4,44661.22333,0
05-Feb-25,43060.6,43250.8,42818.1,44993.80724,0
06-Feb-25,43197.3,43431.8,42838.1,45182.10154,0
07-Feb-25,43106.1,43133.4,42623.4,44871.67602,0
10-Feb-25,42956.4,42973.6,42511.2,44705.43608,0
11-Feb-25,42616.9,42790.2,41866.6,44514.64506,0
12-Feb-25,42039.5,42263.1,41591.2,43966.30293,0
13-Feb-25,41787,41944.7,41182.4,43635.07141,0
14-Feb-25,41547.1,41606.8,40958,43283.55404,0
17-Feb-25,40968.8,41254.9,40592.5,42917.47247,0
18-Feb-25,41097.4,41530.3,41039.2,43203.97109,0
19-Feb-25,41373.5,41403.2,40785.1,43071.74896,0
20-Feb-25,40725.4,41004.9,40701.1,42657.39747,0
21-Feb-25,40821.6,40905.4,40417.4,42553.88762,0
24-Feb-25,40100.2,40186.5,39306.7,41806.01595,0
25-Feb-25,39085.6,39518.2,39066.4,41110.78346,0
27-Feb-25,38971.6,39237.7,38742.9,40818.97931,0
28-Feb-25,38620.7,38642,37167.3,40199.2726,0
03-Mar-25,37408.6,37930.1,37369.7,39458.68303,0
04-Mar-25,37228.8,37537.2,36797.4,39049.94916,0
05-Mar-25,37287.2,38381.8,37287.2,39928.58654,0
06-Mar-25,38226.1,38347.1,37912,39892.48813,0
07-Mar-25,38028.1,38048.4,37625.1,39581.75052,0
10-Mar-25,37791.6,38037.3,37564.4,39570.20319,0
11-Mar-25,37185.2,37500.8,36826.9,39012.08224,0
12-Mar-25,37181.9,37201.6,35828.8,38700.82448,0
13-Mar-25,36378.2,36592.9,35948.2,38067.59387,0
17-Mar-25,35828.1,36170.2,35828.1,37627.85906,0
18-Mar-25,36242.1,36681.1,36008.9,38159.34833,0
19-Mar-25,36581.6,36581.6,35804.6,38055.83848,0
20-Mar-25,36444.6,37109.9,36444.6,38605.42897,0
21-Mar-25,35942.5,37033.9,35674.4,38526.36617,0
24-Mar-25,36944.9,37469.9,36539.9,38979.93697,0
25-Mar-25,37542.4,38073.1,37406,39607.44593,0
26-Mar-25,37719.4,37929.4,37216.6,39457.95482,0
27-Mar-25,37168.1,37627.6,37160,39143.99228,0
28-Mar-25,37376.6,37540.8,36767.2,39053.69424,0
01-Apr-25,36422.9,36538.6,35890.4,38011.10558,0
02-Apr-25,36024.4,36368.9,35970.7,37834.56667,0
03-Apr-25,35676.4,35686.6,34642.4,37124.76998,0
04-Apr-25,34224.6,34361.6,33418.6,35746.37248,0
07-Apr-25,31307.9,32835.1,30918.9,34158.35453,0
08-Apr-25,33232.4,33742.9,32859.1,35102.73887,0
09-Apr-25,32710.2,32762.3,32200.2,34082.62069,0
11-Apr-25,32926.6,33210.8,32526,34549.19524,0
15-Apr-25,33504.1,33520.6,32932.9,34871.48018,0
16-Apr-25,33215.9,33387.4,32867.9,34732.91222,0
17-Apr-25,32832.6,33471.6,32470.9,34820.50548,0
21-Apr-25,33299.6,34528.6,33283.9,35920.10258,0
22-Apr-25,34075.6,34130.3,33789.1,35505.75109,0
23-Apr-25,34700.1,35522.8,34648.4,36954.36884,0
24-Apr-25,35463.6,35572,35197.3,37005.5516,0
25-Apr-25,35487.3,35941.4,35068.1,37389.83842,0
28-Apr-25,35541.6,35679.4,35089.8,37117.27982,0
29-Apr-25,35565.8,36157.2,35416.9,37614.33516,0
30-Apr-25,35913.7,36206.6,35440.8,37665.72598,0
02-May-25,35868.5,36300.6,35637.4,37763.51418,0
05-May-25,36042.6,36352.4,35949.4,37817.40172,0
06-May-25,36129.3,36314.2,35778.8,37777.66226,0
07-May-25,35479.1,36042.2,35440.6,37494.70066,0
08-May-25,35960.9,36240.2,35832.8,37700.68006,0
09-May-25,35490.9,35929.3,35488.4,37377.25079,0
12-May-25,36656.6,38356.1,36600.8,39901.85083,0
13-May-25,38326.4,38326.4,37304.9,39870.95392,0
14-May-25,37480.6,37913.8,37379.1,39441.72614,0
15-May-25,37929.1,38377.4,37456.8,39924.00922,0
16-May-25,38351.9,38351.9,37814.9,39897.48157,0
19-May-25,37845.6,37917.2,37429.6,39445.26316,0
20-May-25,37722.2,38019.1,37234.2,39551.26973,0
21-May-25,37418.2,37618.9,37112.6,39134.94167,0
22-May-25,37246.2,37316.3,36868.6,38820.14689,0
23-May-25,37108.7,37826.4,37062.8,39350.80392,0
26-May-25,37491.1,37819.6,37442.9,39343.72988,0
27-May-25,37777.9,37798.7,37323.3,39321.98761,0
28-May-25,37751.4,37777.5,37440.7,39299.93325,0
29-May-25,37762.1,38121.4,37585.1,39657.69242,0
30-May-25,37646.4,37665.4,37241.2,39183.31562,0
02-Jun-25,37147.9,37172.6,36770.1,38670.65578,0
03-Jun-25,37199.6,37367.4,36740.6,38873.30622,0
04-Jun-25,36831.3,37088.5,36762.8,38583.16655,0
05-Jun-25,37034.4,37408.2,36886.2,38915.75046,0
06-Jun-25,37134.1,37356.3,36910.9,38861.75889,0
09-Jun-25,37522.5,37786.2,37445.3,39308.98386,0
10-Jun-25,37871.6,38567.8,37825.1,40122.08234,0
11-Jun-25,38355.5,38834.8,38215,40399.84244,0
12-Jun-25,38732.9,38891.1,38227.2,40458.41133,0
13-Jun-25,37769.5,38687.6,37722.2,40246.71028,0
16-Jun-25,38440.9,39258.4,38369.1,40840.51352,0
17-Jun-25,39123,39499.1,38977.9,41090.91373,0
18-Jun-25,39220.4,39572.5,38963.8,41167.27175,0
19-Jun-25,38945.4,38966.8,38429.4,40537.16204,0
20-Jun-25,38674.2,39041.1,38454.1,40614.45633,0
23-Jun-25,38642.1,38646.5,38278.7,40203.95395,0
24-Jun-25,38852.6,38936.6,38380,40505.74498,0
25-Jun-25,38635,39109.2,38605.5,40685.30076,0
26-Jun-25,38996.6,39103.4,38760.1,40679.26702,0
27-Jun-25,39125.8,39357.8,38707.1,40943.91934,0
30-Jun-25,38945.9,39011.9,38652.3,40584.07957,0
01-Jul-25,39004.6,39282.9,38725.2,40866.00087,0
02-Jul-25,39080.3,39519.5,38738.9,41112.13585,0
03-Jul-25,39009.9,39203.7,38803.8,40783.60911,0
04-Jul-25,38968.1,39191.9,38784.4,40771.33357,0
07-Jul-25,39146.1,39176.6,38799.7,40755.41698,0
08-Jul-25,38837,39238.2,38732.6,40819.49946,0
09-Jul-25,38986.8,38999.8,38540.6,40571.49194,0
10-Jul-25,38713.8,38715.2,38197.4,40275.42256,0
11-Jul-25,37702.6,37990.8,37558.1,39521.82924,0
14-Jul-25,37643.4,37664.2,37016.1,39182.06726,0
15-Jul-25,37077,37664.9,37048.9,39182.79547,0
16-Jul-25,37325.7,37758.5,37258.1,39280.16755,0
17-Jul-25,37552.9,37666.6,37060.7,39184.56398,0
18-Jul-25,37366.7,37419.6,36951.9,38927.60988,0
21-Jul-25,37109.8,37164.9,36780.1,38662.64547,0
22-Jul-25,36963.6,37121,36827.4,38616.9763,0
23-Jul-25,36958.3,37086.6,36745.2,38581.18998,0
24-Jul-25,36949.3,36974.1,36097.6,38464.15623,0
25-Jul-25,35998,36271.1,35531.6,37732.82533,0
28-Jul-25,35521.7,35566.6,35049.9,36999.93398,0
29-Jul-25,35270.9,35438.8,35101.5,36866.98364,0
30-Jul-25,35453.1,35531.6,35258,36963.52348,0
31-Jul-25,35218.9,35589,34999.2,37023.2367,0
01-Aug-25,35118.6,35166.4,34586.9,36583.60592,0
04-Aug-25,34558.7,35219.9,34324.9,36639.26197,0
05-Aug-25,35196.8,35196.8,34854.3,36615.23104,0
06-Aug-25,34957.9,34990.4,34347.4,36400.51312,0
07-Aug-25,34284.9,34808.1,34224.6,36210.86643,0
08-Aug-25,34603,34643.8,34350.9,36039.94514,0
11-Aug-25,34367.2,34624.4,34228,36019.76332,0
12-Aug-25,34589.9,35072.5,34561.3,36485.92175,0
13-Aug-25,34756.6,34842.1,34552.9,36246.23663,0
14-Aug-25,34732.2,35332.2,34732.2,36756.08766,0
18-Aug-25,35152.7,35158.7,34514,36575.59561,0
19-Aug-25,34618.9,34825.3,34549.1,36228.75959,0
20-Aug-25,34647.2,35773.6,34647.2,37215.27608,0
21-Aug-25,35918.8,35922.6,35461.4,37370.28078,0
22-Aug-25,35735.4,35767.1,35415.4,37208.51413,0
25-Aug-25,35795.5,36445.3,35795.5,37914.04559,0
26-Aug-25,36106.8,36324.3,35998.9,37788.16929,0
28-Aug-25,36017.1,36018.9,35444.2,37470.46167,0
29-Aug-25,35491.6,35575.2,35130.4,37008.88056,0
01-Sep-25,35255.3,35787.7,35255.3,37229.94431,0
02-Sep-25,35767,36061.1,35541.2,37514.36233,0
03-Sep-25,35807.9,35832,35293.1,37276.0296,0
04-Sep-25,35580.6,35599.3,35093.4,37033.95179,0
05-Sep-25,35234.8,35331.5,34343.4,36755.35945,0
08-Sep-25,34744.9,34912.9,34259.4,36319.88987,0
09-Sep-25,34773.1,35304.9,34770.4,36727.68747,0
10-Sep-25,35428.9,36255.2,35426.6,37716.28456,0
11-Sep-25,36265.9,36278.2,35829.9,37740.21146,0
12-Sep-25,36331.4,36356.6,36025.3,37821.77098,0
15-Sep-25,36139.7,36151.4,35686.1,37608.30142,0
16-Sep-25,35962.3,36274,35860.5,37735.8422,0
17-Sep-25,36326.3,36608.9,36253.9,38084.23867,0
18-Sep-25,36801.5,37064.9,36631.1,38558.61547,0
19-Sep-25,36765.5,36821.2,36369.9,38305.09436,0
22-Sep-25,35437.9,35781.6,35145.1,37223.59848,0
23-Sep-25,35477.6,35642.7,35177.4,37079.10081,0
24-Sep-25,35104.1,35193.3,34857.7,36611.58999,0
25-Sep-25,34914,35092.4,34460.3,36506.62372,0
26-Sep-25,34399.2,34477.3,33636.6,35866.73519,0
29-Sep-25,33900.6,33970.1,33606.4,35339.09503,0
30-Sep-25,33789.7,33922.6,33634.3,35289.68078,0
01-Oct-25,33702.9,34016.6,33432.1,35387.46898,0
03-Oct-25,33921.1,33992.1,33763.1,35361.98163,0
06-Oct-25,33961.4,34743.8,33926.6,36143.97514,0
07-Oct-25,34820.6,34879.2,34533.8,36284.83176,0
08-Oct-25,34664.4,35394.6,34607.3,36821.00238,0
09-Oct-25,35315.4,35688.4,35174.8,37126.64252,0
10-Oct-25,35705.6,35821.3,35321.9,37264.89839,0
13-Oct-25,35397.2,35505.4,35072.4,36936.26762,0
14-Oct-25,35542.9,35766.2,35148.4,37207.57786,0
15-Oct-25,35327.2,35571.6,35226.1,37005.13548,0
16-Oct-25,35443.7,35574.2,35229.6,37007.84026,0
17-Oct-25,35356.5,35356.5,34872.9,36781.36695,0
20-Oct-25,35109.8,35377.9,35077.9,36803.62937,0
21-Oct-25,35500.9,35564.2,35221.6,36997.43726,0
23-Oct-25,35936.8,36462,35859.8,37931.4186,0
24-Oct-25,36211.4,36268.6,35886.1,37730.22458,0
27-Oct-25,36075.6,36279.4,35962.8,37741.45982,0
28-Oct-25,36088.6,36193.1,35677.6,37651.68193,0
29-Oct-25,35916.1,36201.6,35778.2,37660.52448,0
30-Oct-25,36073.1,36127.9,35812.8,37583.85437,0
31-Oct-25,35918.6,36050.4,35681.1,37503.23112,0
03-Nov-25,35664.8,35742.8,35479.5,37183.23484,0
04-Nov-25,35580.6,35668.8,35198.8,37106.25264,0
06-Nov-25,35380.4,35509,35248.3,36940.0127,0
07-Nov-25,35233.2,35272.6,34732.5,36694.08578,0
10-Nov-25,35246.9,35855.6,35237.2,37300.58068,0
11-Nov-25,35902.9,36149.9,35683.9,37606.74097,0
12-Nov-25,36299.4,36911.9,36290.8,38399.44957,0
13-Nov-25,36937.9,36939.9,36525.4,38428.57797,0
14-Nov-25,36392.1,36503,35957.3,37974.0709,0
17-Nov-25,36285.2,36406.4,36138.2,37873.57792,0
18-Nov-25,36294.7,36312.9,35914.4,37776.30987,0
19-Nov-25,36062.2,37116.5,36024.4,38612.29495,0
20-Nov-25,37228.1,37278.8,36964.4,38781.13564,0
21-Nov-25,36930.2,37096.2,36761.6,38591.17686,0
24-Nov-25,37084.6,37554.4,36951.8,39067.84232,0
25-Nov-25,37112.1,37124.6,36727.4,38620.72138,0
26-Nov-25,36881.9,37407,36881.1,38914.5021,0
27-Nov-25,37487.6,37668.6,37208.2,39186.64458,0
28-Nov-25,37488.5,37554.6,37323.4,39068.05038,0
01-Dec-25,37476.6,37659.8,37413,39177.48994,0
02-Dec-25,37559.4,37734.4,37418.5,39255.09632,0
03-Dec-25,37530.9,38007.3,37515,39538.99419,0
04-Dec-25,37875.7,38471.6,37847.7,40022.00548,0
05-Dec-25,38500.6,38920.6,38369.6,40489.10018,0
08-Dec-25,38783.4,38937.4,38322.4,40506.57722,0
09-Dec-25,38438.5,38463.9,37908.9,40013.99517,0
10-Dec-25,38273.8,38300.5,37745.2,39844.01015,0
11-Dec-25,37925.9,38136.4,37672.4,39673.29692,0
12-Dec-25,38203.9,38300.3,37901.8,39843.80209,0
15-Dec-25,38125.9,38410.7,38042.9,39958.65121,0
16-Dec-25,38262.3,38293.4,37946.8,39836.62402,0
17-Dec-25,37996.9,38367.9,37969.4,39914.12637,0
18-Dec-25,38273.6,38667.4,38248.8,40225.69622,0
19-Dec-25,38991.3,39054.4,38590.2,40628.29232,0
22-Dec-25,39023.2,39530.2,39006.4,41123.26706,0
23-Dec-25,39395.8,39398.1,38942.4,40985.84343,0
24-Dec-25,39084.9,39098.9,38901.1,40674.58567,0
26-Dec-25,38921.6,39019.9,38495.4,40592.40197,0
29-Dec-25,38622.6,38721.7,38206.8,40282.18451,0
30-Dec-25,38281.6,38281.6,37906.6,39824.34848,0
31-Dec-25,38051.7,38108.5,37822.1,39644.27255,0
01-Jan-26,37931.6,38256.9,37862.6,39798.65307,0
02-Jan-26,38251.4,38359,38085.4,39904.8677,0
05-Jan-26,38222,38260.9,37365.9,39802.81427,0
06-Jan-26,37712.1,38053.1,37680.7,39586.63993,0
07-Jan-26,37951.3,38736.8,37940.9,40297.89304,0
08-Jan-26,38686.6,38728.6,37853.8,40289.36258,0
09-Jan-26,37861.2,38244.6,37861.1,39785.85738,0
12-Jan-26,37938.6,38079.6,37573.1,39614.20788,0
13-Jan-26,38227.9,38394.4,37777.8,39941.69432,0
14-Jan-26,38127.2,38295.8,37649.1,39839.12074,0
16-Jan-26,38433.4,39139.5,38390.5,40716.82185,0
19-Jan-26,38892.4,38977.6,38624.9,40548.39728,0
20-Jan-26,38753.2,38809,38023.9,40373.0027,0
21-Jan-26,38001.9,38128.3,37451.4,39664.87049,0
22-Jan-26,38294.8,38542.5,38080.9,40095.76275,0
23-Jan-26,38513.7,38576.6,38149.3,40131.23698,0
27-Jan-26,38482.9,38677.6,38074.8,40236.30728,0
28-Jan-26,38583.1,38792.6,38433.4,40355.94178,0
29-Jan-26,38601.9,38635.6,38063.4,40192.61468,0
30-Jan-26,38262.6,38262.6,37704.4,39804.58278,0
01-Feb-26,37936.9,38833.8,37297.6,40398.80214,0
02-Feb-26,38396,38413.1,37807.1,39961.14793,0
03-Feb-26,40301.4,40301.4,38550.5,41925.54642,0
04-Feb-26,37165.4,37176.7,35809.5,38674.92101,0
05-Feb-26,36215.6,36621.9,36023.9,38097.76257,0
06-Feb-26,36079.9,36105.9,35211.9,37560.96777,0
09-Feb-26,35840.9,36056.4,35544.1,37509.47292,0
10-Feb-26,35656.9,36059.6,35427.4,37512.80188,0
11-Feb-26,35788.6,35857.6,35013.6,37302.66128,0
12-Feb-26,34439,34488.8,33058.2,35878.69864,0
13-Feb-26,31487.4,32932.8,31422.6,34259.99184,0
16-Feb-26,32693,32809.4,32299.6,34131.61882,0
17-Feb-26,32793.8,33703.1,32650.4,35061.33493,0
18-Feb-26,33133.9,33169.3,32169.2,34506.02279,0
19-Feb-26,32875.1,33167.6,32195.9,34504.25428,0
20-Feb-26,32098.9,32339.8,31804.8,33643.09394,0
23-Feb-26,31987.8,32051.7,31416.6,33343.38351,0
24-Feb-26,31031.8,31056.4,29875,32307.97292,0
25-Feb-26,30343.9,30999.8,30340.9,32249.09194,0
26-Feb-26,30797.1,31112.2,30459.8,32366.02166,0
27-Feb-26,31145.8,31305.8,30546,32567.42374,0
02-Mar-26,30020.2,30587.3,29889.5,31819.96819,0
04-Mar-26,30092.2,30579.4,30092.2,31811.74982,0
05-Mar-26,30554.8,30563.3,29823.2,31795.00099,0
06-Mar-26,30074.6,30664.9,30062.8,31900.69547,0
09-Mar-26,29688.1,30241.1,29533.9,31459.81633,0
10-Mar-26,30337.6,30360.2,29741.1,31583.71606,0
11-Mar-26,30043.8,30231.4,29598.3,31449.72542,0
12-Mar-26,29587.1,29790.8,29322.8,30991.36924,0
13-Mar-26,29381.7,29508.4,28936.8,30697.58852,0
16-Mar-26,28934.6,29202.7,28586.9,30379.56881,0
17-Mar-26,29080.8,29080.8,28288.1,30252.75624,0
18-Mar-26,28912.1,30055.6,28912.1,31266.84068,0
19-Mar-26,29141.9,29321.8,28477.5,30503.46854,0
20-Mar-26,28993,29322.4,28844.4,30504.09272,0
23-Mar-26,28847.9,29295.7,28613.8,30476.31671,0
24-Mar-26,29572.8,29926.3,29210.7,31132.32989,0
25-Mar-26,29552.2,29950.1,29413.4,31157.08903,0
27-Mar-26,29721,30029.6,29461.2,31239.79288,0
30-Mar-26,29225.6,29439.1,28961.4,30625.49573,0
01-Apr-26,29943.2,30257.8,29562.3,31477.18934,0
02-Apr-26,29352.4,30558.6,29324.3,31790.11158,0
06-Apr-26,30490.4,30821.3,30444.1,32063.39839,0
07-Apr-26,30489.3,31443.1,30372.1,32710.25693,0
08-Apr-26,31786.7,31946.8,31272.8,33234.25604,0
09-Apr-26,31436.7,31718,31105.8,32996.2354,0
10-Apr-26,31533.3,31544.7,30680.8,32815.95141,0
13-Apr-26,30619.8,30821.4,30402.2,32063.50242,0
15-Apr-26,31170.8,31661.2,31111.5,32937.14636,0
16-Apr-26,31833.6,32134.2,31600.1,33429.20826,0
17-Apr-26,31656.6,31959.3,31411.8,33247.25979,0
20-Apr-26,31855.3,31912.5,31498.8,33198.57375,0
21-Apr-26,31536.6,31883.8,31415.8,33168.71714,0
22-Apr-26,31068.2,31072.9,30135.2,32325.13787,0
23-Apr-26,30432.9,30525.9,29982.2,31756.09377,0
24-Apr-26,29650.2,29872.5,28442.4,31076.36175,0
27-Apr-26,28582.8,29238.8,28578.6,30417.12364,0
28-Apr-26,29098.6,29270.1,28891.1,30449.68503,0
29-Apr-26,29072.2,29486.8,29034.3,30675.11804,0
30-Apr-26,29287.3,29543.1,29012.7,30733.68693,0
04-May-26,29606.5,29664.5,28955.6,30859.97935,0
05-May-26,29069.8,29407,28889.4,30592.1021,0
06-May-26,29435.5,29646.1,29123.8,30840.83783,0
07-May-26,29377.8,29418,29009.4,30603.5454,0
08-May-26,29031.6,29490.6,28961.8,30679.07118,0
11-May-26,29323.4,29536.9,29274.1,30727.23707,0
12-May-26,29091.1,29091.1,28126.9,30263.47133,0
13-May-26,28226.8,28335.4,27880.8,29477.31662,0
14-May-26,27847.5,27856,27078,28978.5968,0
15-May-26,27472.7,28114.1,27472.7,29247.09823,0
18-May-26,27689.6,28466.1,27663.8,29613.28383,0
19-May-26,28679.8,29609.6,28677.8,30802.86688,0
20-May-26,29140.8,29517.2,29036.7,30706.74316,0
21-May-26,29277.9,29328.3,28964.9,30510.23049,0
22-May-26,29072.6,29181.9,28792.5,30357.93057,0
25-May-26,29103.7,29177.8,28831.3,30353.66534,0
26-May-26,28970.5,29203.1,28919.1,30379.98493,0
27-May-26,28928.9,29116.4,28800.9,30289.79092,0
29-May-26,29347.5,29747.2,28931.8,30946.01216,0
01-Jun-26,29349.2,30238.2,29341.6,31456.79946,0
02-Jun-26,30265.7,31290.9,30264.6,32551.92327,0
03-Jun-26,30563.2,30567,29301,31798.8501,0
04-Jun-26,29150.1,29382.9,28971.8,30567.03087,0
05-Jun-26,29509.9,29639.8,28918.8,30834.28394,0
08-Jun-26,28577.7,28915.8,28417.7,30081.10674,0
09-Jun-26,28895.3,28895.3,28294.6,30059.78059,0
10-Jun-26,28541.8,28799.3,28249.2,29959.91179,0
11-Jun-26,27888,28003.9,27519.2,29132.45717,0
12-Jun-26,28025.2,28078.6,27660,29210.16758,0
15-Jun-26,28178.8,28384.2,27955.1,29528.08326,0
16-Jun-26,28237.1,28663.8,28124.3,29818.95114,0
17-Jun-26,28759.1,29007,28688.4,30175.9821,0
18-Jun-26,28592.4,28662.9,28262.7,29818.01487,0
19-Jun-26,27012.2,27527.8,26634.5,28637.17034,0
22-Jun-26,27531,27856.4,27531,28979.01292,0
23-Jun-26,27416.4,27428.5,26955.5,28533.86855,0
24-Jun-26,27046.4,27705.9,27036.1,28822.44777,0
25-Jun-26,27801.4,27881,27295.1,29004.6043,0
29-Jun-26,27172.2,27313.3,26965.3,28414.02599,0
30-Jun-26,26989.9,27032.2,26208.5,28121.59766,0
01-Jul-26,26381,26505.8,25699.1,27573.98374,0
02-Jul-26,26141.8,27030.9,26132,28120.24527,0
03-Jul-26,27482.4,27759.6,27286.6,28878.31188,0
06-Jul-26,27489.8,27502.6,27127.4,28610.95478,0
07-Jul-26,27248.3,28156.2,27248.3,29290.89486,0
08-Jul-26,27915.2,28067.8,27468.8,29198.93234,0
09-Jul-26,27495.5,27646.4,27014.5,28760.54992,0
10-Jul-26,28043.5,28439.6,27870,29585.71588,0
13-Jul-26,27880.6,29272.7,27856.1,30452.38981,0
14-Jul-26,29020.4,29285.1,28674.5,30465.28953,0
15-Jul-26,28412.8,28725.2,28223.8,29882.82556,0