Date,Open,High,Low,Close,Volume,
16-Jul-20,2054.5,2077.8,2018.55,2070.65,0,
17-Jul-20,2087.5,2130.5,2083.7,2103.0,0,
20-Jul-20,2115.45,2122.8,2094.6,2106.0,0,
21-Jul-20,2122.6,2126.1,2090.3,2118.6,0,
22-Jul-20,2128.55,2168.7,2092.75,2113.95,0,
23-Jul-20,2120.9,2138.35,2113.05,2131.4,0,
24-Jul-20,2112.4,2117.15,2071.25,2087.5,0,
27-Jul-20,2094.35,2107.05,2064.5,2094.4,0,
28-Jul-20,2101.7,2144.55,2101.6,2141.3,0,
29-Jul-20,2138.75,2192.3,2131.95,2160.75,0,
30-Jul-20,2170.2,2178.45,2123.4,2135.15,0,
31-Jul-20,2137.05,2158.3,2122.1,2147.3,0,
03-Aug-20,2149.1,2181.55,2133.4,2156.15,0,
04-Aug-20,2168.8,2185.75,2155.4,2177.35,0,
05-Aug-20,2190.7,2272.75,2190.35,2263.8,0,
06-Aug-20,2268.05,2301.4,2255.6,2294.75,0,
07-Aug-20,2286.45,2319.9,2280.5,2314.35,0,
10-Aug-20,2322.45,2337.2,2295.65,2332.0,0,
11-Aug-20,2349.65,2407.95,2349.65,2370.65,0,
12-Aug-20,2352.05,2359.15,2320.9,2354.8,0,
13-Aug-20,2370.7,2403.05,2359.85,2380.65,0,
14-Aug-20,2384.85,2454.3,2377.7,2405.8,0,
17-Aug-20,2420.0,2470.3,2414.7,2464.25,0,
18-Aug-20,2469.45,2515.75,2455.1,2507.5,0,
19-Aug-20,2518.15,2521.75,2498.95,2513.15,0,
20-Aug-20,2479.3,2545.0,2471.95,2538.9,0,
21-Aug-20,2562.35,2579.45,2517.05,2523.6,0,
24-Aug-20,2545.75,2552.25,2521.2,2526.1,0,
25-Aug-20,2541.85,2542.45,2493.4,2507.5,0,
26-Aug-20,2513.25,2540.75,2505.45,2527.8,0,
27-Aug-20,2531.95,2551.5,2513.55,2531.05,0,
28-Aug-20,2539.4,2570.65,2517.35,2520.35,0,
31-Aug-20,2524.7,2533.1,2410.5,2420.6,0,
01-Sep-20,2424.7,2507.0,2421.15,2496.75,0,
02-Sep-20,2512.8,2548.25,2500.7,2541.35,0,
03-Sep-20,2551.9,2556.35,2518.5,2527.3,0,
04-Sep-20,2476.55,2511.95,2442.05,2451.35,0,
07-Sep-20,2456.75,2480.15,2433.45,2450.05,0,
08-Sep-20,2456.85,2457.3,2365.25,2376.85,0,
09-Sep-20,2339.35,2407.5,2302.4,2397.2,0,
10-Sep-20,2423.2,2426.65,2336.1,2369.8,0,
11-Sep-20,2376.8,2389.65,2353.95,2384.3,0,
14-Sep-20,2401.45,2416.5,2375.5,2387.05,0,
15-Sep-20,2402.4,2411.2,2380.95,2385.55,0,
16-Sep-20,2389.85,2405.5,2381.8,2396.35,0,
17-Sep-20,2382.95,2397.55,2352.8,2363.3,0,
18-Sep-20,2374.2,2389.15,2354.2,2362.2,0,
21-Sep-20,2367.2,2368.3,2229.15,2240.35,0,
22-Sep-20,2239.65,2242.3,2163.4,2213.95,0,
23-Sep-20,2232.2,2239.9,2168.9,2205.25,0,
24-Sep-20,2165.5,2172.15,2107.55,2111.85,0,
25-Sep-20,2134.95,2180.65,2112.4,2172.65,0,
28-Sep-20,2198.4,2249.1,2189.55,2237.0,0,
29-Sep-20,2253.95,2293.35,2244.95,2280.9,0,
30-Sep-20,2284.75,2285.7,2228.2,2242.55,0,
01-Oct-20,2266.05,2291.4,2256.65,2261.25,0,
05-Oct-20,2280.1,2328.1,2276.0,2318.85,0,
06-Oct-20,2340.05,2345.65,2290.05,2302.7,0,
07-Oct-20,2300.3,2303.9,2256.2,2267.75,0,
08-Oct-20,2276.5,2305.75,2260.2,2272.4,0,
09-Oct-20,2286.3,2322.65,2255.7,2260.85,0,
12-Oct-20,2279.6,2287.8,2218.2,2240.85,0,
13-Oct-20,2238.5,2262.05,2234.0,2249.65,0,
14-Oct-20,2247.5,2257.8,2223.15,2251.95,0,
15-Oct-20,2266.4,2292.6,2232.7,2240.95,0,
16-Oct-20,2252.9,2339.65,2239.75,2329.85,0,
19-Oct-20,2350.6,2374.8,2323.6,2367.85,0,
20-Oct-20,2356.25,2374.75,2344.05,2363.35,0,
21-Oct-20,2376.65,2429.2,2372.85,2416.05,0,
22-Oct-20,2409.4,2440.85,2394.75,2432.5,0,
23-Oct-20,2447.05,2462.1,2431.55,2443.0,0,
26-Oct-20,2432.8,2434.75,2331.4,2357.55,0,
27-Oct-20,2355.9,2376.85,2328.75,2359.6,0,
28-Oct-20,2360.95,2385.7,2315.75,2325.4,0,
29-Oct-20,2305.5,2323.15,2279.45,2307.7,0,
30-Oct-20,2315.5,2354.4,2295.65,2343.6,0,
02-Nov-20,2350.8,2354.85,2325.2,2338.9,0,
03-Nov-20,2355.6,2396.35,2354.95,2391.2,0,
04-Nov-20,2389.3,2413.5,2362.65,2383.8,0,
05-Nov-20,2416.0,2497.15,2402.3,2488.65,0,
06-Nov-20,2486.35,2512.5,2475.0,2500.35,0,
09-Nov-20,2525.65,2551.45,2502.2,2545.25,0,
10-Nov-20,2560.85,2577.05,2531.2,2556.7,0,
11-Nov-20,2562.6,2662.1,2547.85,2645.05,0,
12-Nov-20,2649.9,2658.15,2614.4,2636.9,0,
13-Nov-20,2626.45,2684.45,2606.25,2681.0,0,
17-Nov-20,2723.15,2777.55,2718.8,2761.35,0,
18-Nov-20,2749.45,2776.8,2732.85,2772.5,0,
19-Nov-20,2757.1,2828.2,2743.55,2752.65,0,
20-Nov-20,2765.65,2809.9,2732.85,2774.75,0,
23-Nov-20,2792.9,2820.0,2779.5,2808.6,0,
24-Nov-20,2827.5,2846.75,2803.25,2839.15,0,
25-Nov-20,2850.65,2873.65,2808.4,2816.55,0,
26-Nov-20,2829.0,2933.7,2804.3,2925.05,0,
27-Nov-20,2934.75,2963.75,2903.35,2925.75,0,
01-Dec-20,2968.85,2982.4,2935.7,2974.05,0,
02-Dec-20,2978.75,3061.55,2977.8,3050.2,0,
03-Dec-20,3076.05,3132.0,3070.7,3126.1,0,
04-Dec-20,3144.7,3193.55,3100.55,3161.35,0,
07-Dec-20,3168.25,3202.35,3142.95,3161.2,0,
08-Dec-20,3173.35,3182.05,3083.1,3122.35,0,
09-Dec-20,3146.9,3152.95,3101.85,3105.9,0,
10-Dec-20,3099.9,3123.95,3056.7,3113.05,0,
11-Dec-20,3127.45,3178.75,3126.75,3146.1,0,
14-Dec-20,3178.05,3220.65,3173.5,3189.5,0,
15-Dec-20,3188.7,3219.55,3150.6,3214.15,0,
16-Dec-20,3248.45,3277.95,3236.45,3271.75,0,
17-Dec-20,3272.15,3289.3,3213.6,3227.7,0,
18-Dec-20,3237.85,3244.9,3181.7,3216.6,0,
21-Dec-20,3188.85,3214.75,2981.15,3038.25,0,
22-Dec-20,3040.45,3107.7,2980.25,3079.65,0,
23-Dec-20,3078.25,3143.3,3051.95,3134.1,0,
24-Dec-20,3158.05,3223.9,3134.25,3144.3,0,
28-Dec-20,3181.4,3232.5,3173.75,3224.85,0,
29-Dec-20,3252.6,3255.2,3170.35,3189.85,0,
30-Dec-20,3204.9,3243.7,3163.7,3230.9,0,
31-Dec-20,3224.0,3284.5,3212.2,3254.65,0,
01-Jan-21,3255.35,3270.45,3242.1,3258.85,0,
04-Jan-21,3291.5,3442.0,3287.1,3424.6,0,
05-Jan-21,3400.25,3406.9,3351.1,3376.25,0,
06-Jan-21,3390.2,3455.1,3368.5,3419.8,0,
07-Jan-21,3457.65,3571.55,3455.3,3550.45,0,
08-Jan-21,3577.5,3581.85,3498.6,3529.2,0,
11-Jan-21,3532.7,3537.4,3451.85,3493.9,0,
12-Jan-21,3485.5,3586.9,3473.25,3509.9,0,
13-Jan-21,3539.35,3575.6,3460.25,3523.25,0,
14-Jan-21,3521.05,3533.95,3471.1,3487.4,0,
15-Jan-21,3501.1,3528.1,3420.4,3449.15,0,
18-Jan-21,3449.9,3453.8,3283.55,3308.5,0,
19-Jan-21,3342.15,3416.95,3309.95,3405.2,0,
20-Jan-21,3420.85,3456.7,3399.1,3437.0,0,
21-Jan-21,3448.95,3462.7,3338.3,3362.15,0,
22-Jan-21,3372.05,3382.75,3212.2,3231.45,0,
25-Jan-21,3276.0,3304.0,3165.15,3236.35,0,
27-Jan-21,3230.9,3230.9,3146.5,3154.8,0,
28-Jan-21,3105.85,3155.1,3104.2,3138.1,0,
29-Jan-21,3175.6,3183.6,3062.7,3077.45,0,
01-Feb-21,3096.25,3245.7,3071.95,3227.25,0,
02-Feb-21,3264.2,3301.25,3226.05,3289.1,0,
03-Feb-21,3288.65,3388.95,3278.9,3344.4,0,
04-Feb-21,3356.0,3426.6,3337.7,3409.55,0,
05-Feb-21,3427.8,3466.8,3345.3,3443.15,0,
08-Feb-21,3467.1,3558.85,3450.3,3552.45,0,
09-Feb-21,3564.45,3593.15,3484.95,3513.65,0,
10-Feb-21,3548.55,3573.95,3464.95,3510.85,0,
11-Feb-21,3502.35,3569.15,3488.3,3546.7,0,
12-Feb-21,3549.05,3549.2,3474.35,3486.25,0,
15-Feb-21,3508.25,3513.4,3463.15,3469.95,0,
16-Feb-21,3479.4,3615.25,3477.35,3570.15,0,
17-Feb-21,3561.5,3590.85,3533.75,3576.05,0,
18-Feb-21,3590.35,3644.8,3578.9,3623.05,0,
19-Feb-21,3620.05,3629.05,3499.0,3552.1,0,
22-Feb-21,3561.55,3682.05,3558.85,3609.1,0,
23-Feb-21,3648.2,3769.5,3609.75,3749.55,0,
24-Feb-21,3781.8,3832.05,3740.9,3778.65,0,
25-Feb-21,3825.6,3945.8,3821.65,3928.6,0,
26-Feb-21,3859.65,3939.6,3795.6,3822.65,0,
01-Mar-21,3877.25,3917.6,3811.35,3896.95,0,
02-Mar-21,3911.95,3939.8,3875.3,3927.6,0,
03-Mar-21,3964.5,4075.4,3964.1,4058.6,0,
04-Mar-21,3964.85,4014.95,3934.6,3976.85,0,
05-Mar-21,3947.55,3955.4,3827.65,3869.4,0,
08-Mar-21,3922.15,3947.35,3891.7,3900.8,0,
09-Mar-21,3938.2,3953.75,3760.85,3802.7,0,
10-Mar-21,3838.0,3886.25,3786.6,3873.65,0,
12-Mar-21,3924.25,3950.55,3806.3,3840.2,0,
15-Mar-21,3845.5,3890.35,3785.05,3880.05,0,
16-Mar-21,3900.95,3903.55,3814.95,3847.25,0,
17-Mar-21,3842.75,3844.4,3737.8,3752.7,0,
18-Mar-21,3795.65,3837.65,3722.6,3754.35,0,
19-Mar-21,3733.95,3860.0,3631.15,3832.5,0,
22-Mar-21,3835.0,3877.1,3803.2,3867.45,0,
23-Mar-21,3877.25,3894.9,3828.7,3841.95,0,
24-Mar-21,3803.75,3810.45,3706.65,3717.55,0,
25-Mar-21,3729.35,3751.55,3614.4,3718.3,0,
26-Mar-21,3764.05,3878.4,3755.7,3855.3,0,
30-Mar-21,3914.25,3984.65,3907.75,3963.0,0,
31-Mar-21,3954.8,4025.4,3931.75,3977.2,0,
01-Apr-21,4010.5,4204.4,4008.75,4189.15,0,
05-Apr-21,4206.1,4241.85,4101.15,4226.4,0,
06-Apr-21,4266.35,4305.5,4231.45,4286.95,0,
07-Apr-21,4306.7,4363.5,4296.1,4325.45,0,
08-Apr-21,4365.35,4588.85,4363.05,4494.95,0,
09-Apr-21,4510.2,4550.45,4399.3,4467.3,0,
12-Apr-21,4372.65,4378.45,4166.45,4196.0,0,
13-Apr-21,4215.25,4347.35,4200.25,4337.9,0,
15-Apr-21,4378.1,4463.75,4318.7,4397.45,0,
16-Apr-21,4422.3,4500.85,4394.5,4434.0,0,
19-Apr-21,4302.35,4403.65,4266.85,4366.1,0,
20-Apr-21,4420.95,4457.35,4332.7,4384.4,0,
22-Apr-21,4380.6,4497.7,4367.55,4460.9,0,
23-Apr-21,4471.75,4528.2,4396.65,4446.85,0,
26-Apr-21,4491.0,4582.15,4488.85,4536.3,0,
27-Apr-21,4567.5,4668.0,4562.5,4659.25,0,
28-Apr-21,4690.85,4690.85,4598.15,4645.05,0,
29-Apr-21,4698.95,4868.9,4695.1,4855.3,0,
30-Apr-21,4819.6,4936.5,4791.65,4847.95,0,
03-May-21,4825.8,4973.2,4786.05,4952.45,0,
04-May-21,4994.55,5048.3,4886.35,4921.65,0,
05-May-21,4979.45,5006.65,4904.95,4970.15,0,
06-May-21,4980.25,5118.2,4964.6,5095.0,0,
07-May-21,5180.95,5387.1,5176.35,5335.85,0,
10-May-21,5425.4,5519.05,5405.45,5503.35,0,
11-May-21,5390.95,5524.25,5337.15,5452.65,0,
12-May-21,5479.85,5518.0,5228.05,5290.45,0,
14-May-21,5332.55,5332.55,4984.4,5091.35,0,
17-May-21,5117.95,5222.45,5036.25,5207.75,0,
18-May-21,5305.3,5365.65,5231.9,5294.4,0,
19-May-21,5279.45,5318.9,5218.65,5245.95,0,
20-May-21,5154.25,5164.5,5040.2,5077.35,0,
21-May-21,5119.45,5147.85,5090.2,5099.15,0,
24-May-21,5098.45,5098.45,5004.3,5068.6,0,
25-May-21,5117.55,5187.75,5089.8,5099.4,0,
26-May-21,5062.05,5070.7,4987.25,5004.75,0,
27-May-21,5017.15,5095.25,4987.3,5043.3,0,
28-May-21,5145.7,5188.55,5032.5,5055.75,0,
31-May-21,5081.1,5176.7,5035.1,5161.8,0,
01-Jun-21,5181.85,5186.45,5034.65,5121.65,0,
02-Jun-21,5126.2,5252.75,5124.3,5233.3,0,
03-Jun-21,5275.5,5322.4,5234.65,5268.05,0,
04-Jun-21,5259.45,5360.75,5235.5,5339.15,0,
07-Jun-21,5379.1,5421.5,5305.7,5315.5,0,
08-Jun-21,5327.3,5327.3,5189.9,5258.9,0,
09-Jun-21,5276.35,5306.75,5173.45,5209.45,0,
10-Jun-21,5247.7,5306.6,5244.7,5265.2,0,
11-Jun-21,5308.15,5421.35,5262.65,5406.8,0,
14-Jun-21,5369.75,5392.5,5200.25,5371.6,0,
15-Jun-21,5397.55,5412.75,5356.15,5368.95,0,
16-Jun-21,5338.15,5382.25,5195.7,5216.2,0,
17-Jun-21,5140.0,5216.35,5062.7,5095.1,0,
18-Jun-21,5086.75,5098.85,4858.8,5048.65,0,
21-Jun-21,4969.0,5119.5,4925.8,5105.2,0,
22-Jun-21,5150.05,5176.65,5104.6,5119.4,0,
23-Jun-21,5156.75,5175.65,5053.75,5061.8,0,
24-Jun-21,5082.15,5125.85,5059.0,5090.9,0,
25-Jun-21,5147.4,5250.3,5140.9,5223.95,0,
28-Jun-21,5253.05,5316.95,5206.85,5290.8,0,
29-Jun-21,5293.8,5308.95,5212.05,5226.05,0,
30-Jun-21,5256.95,5301.3,5204.0,5215.8,0,
01-Jul-21,5234.55,5255.4,5194.75,5207.4,0,
02-Jul-21,5220.4,5230.2,5114.95,5130.05,0,
05-Jul-21,5159.15,5200.95,5134.05,5189.6,0,
06-Jul-21,5194.2,5225.75,5153.15,5172.7,0,
07-Jul-21,5163.65,5300.6,5124.5,5286.45,0,
08-Jul-21,5285.85,5294.5,5144.5,5170.5,0,
09-Jul-21,5176.05,5283.95,5169.0,5273.6,0,
12-Jul-21,5313.5,5336.85,5235.9,5262.55,0,
13-Jul-21,5298.7,5319.25,5267.65,5295.6,0,
14-Jul-21,5319.85,5331.55,5283.55,5299.95,0,
15-Jul-21,5300.55,5358.1,5285.45,5335.4,0,
16-Jul-21,5362.1,5396.8,5350.5,5391.3,0,
19-Jul-21,5334.5,5412.05,5278.55,5317.85,0,
20-Jul-21,5302.85,5305.7,5148.6,5193.65,0,
22-Jul-21,5260.95,5369.2,5257.75,5348.95,0,
23-Jul-21,5384.85,5408.55,5341.5,5353.8,0,
26-Jul-21,5402.6,5421.9,5350.0,5387.4,0,
27-Jul-21,5432.55,5499.65,5405.55,5465.9,0,
28-Jul-21,5483.05,5541.3,5378.2,5532.8,0,
29-Jul-21,5571.9,5852.45,5544.75,5810.75,0,
30-Jul-21,5810.2,5879.1,5754.85,5770.35,0,
02-Aug-21,5815.65,5832.35,5752.7,5781.3,0,
03-Aug-21,5801.95,5806.15,5707.95,5778.2,0,
04-Aug-21,5800.15,5880.7,5727.5,5759.9,0,
05-Aug-21,5767.15,5847.3,5664.5,5834.4,0,
06-Aug-21,5847.1,5905.3,5810.8,5841.35,0,
09-Aug-21,5861.55,5861.55,5706.35,5732.0,0,
10-Aug-21,5737.0,5756.7,5540.05,5573.3,0,
11-Aug-21,5623.9,5759.85,5600.2,5748.3,0,
12-Aug-21,5775.95,5793.2,5728.6,5769.25,0,
13-Aug-21,5742.0,5832.7,5669.9,5799.3,0,
16-Aug-21,5818.8,5936.1,5771.95,5884.9,0,
17-Aug-21,5878.5,5907.45,5706.7,5749.4,0,
18-Aug-21,5760.15,5776.75,5666.1,5702.6,0,
20-Aug-21,5558.0,5558.0,5302.1,5335.95,0,
23-Aug-21,5410.8,5430.15,5171.95,5291.25,0,
24-Aug-21,5359.95,5475.6,5346.65,5444.8,0,
25-Aug-21,5483.4,5533.0,5437.05,5474.05,0,
26-Aug-21,5476.95,5487.25,5376.7,5404.7,0,
27-Aug-21,5428.1,5501.95,5425.5,5492.7,0,
30-Aug-21,5544.25,5646.0,5542.9,5628.1,0,
31-Aug-21,5639.95,5730.8,5604.25,5714.6,0,
01-Sep-21,5737.3,5739.5,5595.45,5612.45,0,
02-Sep-21,5634.5,5672.5,5624.55,5653.3,0,
03-Sep-21,5660.75,5746.4,5628.65,5719.35,0,
06-Sep-21,5757.5,5788.85,5682.7,5742.7,0,
07-Sep-21,5765.8,5798.8,5693.6,5708.35,0,
08-Sep-21,5716.9,5763.55,5685.4,5720.75,0,
09-Sep-21,5715.2,5783.7,5714.9,5765.15,0,
13-Sep-21,5803.6,5850.75,5769.1,5839.3,0,
14-Sep-21,5876.2,5876.2,5799.95,5810.35,0,
15-Sep-21,5825.75,5879.9,5794.0,5859.05,0,
16-Sep-21,5873.0,5913.85,5809.9,5822.5,0,
17-Sep-21,5836.35,5841.75,5615.55,5683.85,0,
20-Sep-21,5565.2,5567.05,5288.15,5309.0,0,
21-Sep-21,5321.95,5453.45,5268.95,5444.45,0,
22-Sep-21,5466.85,5558.35,5431.35,5524.65,0,
23-Sep-21,5607.7,5627.05,5579.5,5616.05,0,
24-Sep-21,5621.95,5627.3,5449.7,5498.2,0,
27-Sep-21,5501.4,5544.8,5478.85,5504.45,0,
28-Sep-21,5522.1,5587.05,5497.5,5534.6,0,
29-Sep-21,5502.9,5691.25,5492.15,5661.25,0,
30-Sep-21,5686.1,5733.1,5596.5,5611.25,0,
01-Oct-21,5571.0,5674.75,5524.25,5638.8,0,
04-Oct-21,5669.7,5816.1,5611.8,5807.35,0,
05-Oct-21,5777.15,5861.7,5773.55,5800.3,0,
06-Oct-21,5825.1,5859.3,5606.95,5627.35,0,
07-Oct-21,5697.9,5705.25,5643.8,5659.95,0,
08-Oct-21,5702.35,5791.65,5663.85,5681.45,0,
11-Oct-21,5718.8,5806.7,5707.65,5766.4,0,
12-Oct-21,5798.5,5837.15,5720.6,5829.35,0,
13-Oct-21,5845.6,5971.75,5812.3,5914.65,0,
14-Oct-21,5978.75,6079.55,5954.95,6019.2,0,
18-Oct-21,6157.2,6300.45,6133.55,6253.1,0,
19-Oct-21,6312.2,6312.2,6061.2,6099.35,0,
20-Oct-21,6085.9,6085.9,5919.05,5974.0,0,
21-Oct-21,6019.55,6040.1,5782.75,5868.4,0,
22-Oct-21,5865.25,5877.85,5645.25,5690.1,0,
25-Oct-21,5715.25,5747.5,5561.65,5679.65,0,
26-Oct-21,5702.9,5846.5,5694.3,5830.65,0,
27-Oct-21,5833.2,5855.55,5722.55,5741.9,0,
28-Oct-21,5654.95,5668.9,5521.65,5544.55,0,
29-Oct-21,5534.05,5660.5,5482.3,5563.4,0,
01-Nov-21,5648.5,5746.6,5616.9,5733.75,0,
02-Nov-21,5764.65,5764.75,5634.95,5643.15,0,
03-Nov-21,5671.85,5714.9,5647.45,5695.45,0,
04-Nov-21,5728.3,5737.4,5688.2,5697.95,0,
08-Nov-21,5751.1,5787.3,5634.95,5780.45,0,
09-Nov-21,5777.95,5812.6,5737.45,5761.6,0,
10-Nov-21,5739.55,5754.2,5626.8,5660.45,0,
11-Nov-21,5665.25,5723.45,5644.9,5681.0,0,
12-Nov-21,5759.6,5765.75,5670.0,5728.7,0,
15-Nov-21,5754.75,5761.25,5618.1,5624.3,0,
16-Nov-21,5629.25,5687.5,5568.6,5586.35,0,
17-Nov-21,5563.85,5618.65,5546.5,5568.1,0,
18-Nov-21,5589.3,5603.05,5405.35,5423.9,0,
22-Nov-21,5433.05,5478.8,5327.4,5421.6,0,
23-Nov-21,5438.7,5619.95,5436.95,5600.4,0,
24-Nov-21,5613.75,5687.35,5564.8,5602.6,0,
25-Nov-21,5611.15,5642.8,5548.25,5624.0,0,
26-Nov-21,5545.0,5572.8,5309.0,5323.75,0,
29-Nov-21,5312.0,5394.8,5177.8,5304.7,0,
30-Nov-21,5308.35,5400.3,5174.0,5201.7,0,
01-Dec-21,5274.35,5338.5,5219.8,5322.2,0,
02-Dec-21,5332.8,5416.35,5282.0,5405.05,0,
03-Dec-21,5404.15,5460.4,5378.0,5392.4,0,
06-Dec-21,5393.15,5465.4,5313.6,5327.9,0,
07-Dec-21,5390.45,5516.15,5383.25,5494.45,0,
08-Dec-21,5535.7,5601.25,5493.8,5594.9,0,
09-Dec-21,5625.65,5642.4,5561.2,5629.8,0,
10-Dec-21,5608.1,5677.1,5601.0,5658.9,0,
13-Dec-21,5738.95,5758.85,5635.3,5642.8,0,
14-Dec-21,5620.0,5705.55,5605.9,5666.8,0,
15-Dec-21,5671.65,5701.7,5593.95,5604.1,0,
16-Dec-21,5646.85,5663.65,5556.05,5597.15,0,
17-Dec-21,5576.7,5590.3,5466.35,5476.8,0,
20-Dec-21,5400.1,5409.2,5195.35,5269.6,0,
21-Dec-21,5328.35,5488.2,5321.4,5424.6,0,
22-Dec-21,5469.95,5527.75,5461.6,5521.1,0,
23-Dec-21,5560.6,5603.95,5498.45,5519.9,0,
24-Dec-21,5541.3,5542.95,5433.2,5492.7,0,
27-Dec-21,5477.65,5498.0,5431.2,5489.45,0,
28-Dec-21,5520.9,5548.4,5502.7,5538.7,0,
29-Dec-21,5523.7,5538.5,5450.9,5480.55,0,
30-Dec-21,5480.3,5508.2,5407.45,5416.65,0,
31-Dec-21,5436.15,5547.7,5436.15,5521.75,0,
03-Jan-22,5529.95,5640.7,5526.15,5628.1,0,
04-Jan-22,5663.8,5670.9,5559.9,5606.85,0,
05-Jan-22,5600.6,5691.9,5583.25,5684.15,0,
06-Jan-22,5667.1,5706.95,5626.2,5656.0,0,
07-Jan-22,5677.0,5701.8,5627.85,5684.85,0,
10-Jan-22,5714.65,5729.35,5666.1,5718.8,0,
11-Jan-22,5692.35,5707.65,5602.9,5610.35,0,
12-Jan-22,5669.95,5699.4,5653.95,5685.0,0,
13-Jan-22,5715.7,5896.05,5704.6,5882.75,0,
14-Jan-22,5857.75,5901.9,5829.6,5871.4,0,
17-Jan-22,5879.55,5921.8,5791.3,5888.4,0,
18-Jan-22,5908.2,5912.85,5736.75,5755.15,0,
19-Jan-22,5751.8,5830.75,5704.9,5801.1,0,
20-Jan-22,5814.75,5870.55,5789.05,5831.15,0,
21-Jan-22,5800.65,5824.75,5663.85,5719.55,0,
24-Jan-22,5669.05,5669.6,5382.2,5420.45,0,
25-Jan-22,5381.5,5512.75,5351.9,5485.15,0,
27-Jan-22,5411.2,5491.45,5329.7,5445.9,0,
28-Jan-22,5497.7,5610.7,5452.05,5466.05,0,
31-Jan-22,5543.0,5544.0,5463.45,5473.45,0,
01-Feb-22,5530.55,5736.95,5479.1,5719.4,0,
02-Feb-22,5763.0,5785.75,5715.75,5779.7,0,
03-Feb-22,5741.55,5819.15,5725.15,5761.6,0,
04-Feb-22,5766.95,5882.05,5763.4,5829.5,0,
07-Feb-22,5837.75,5935.2,5794.65,5829.0,0,
08-Feb-22,5867.95,5912.5,5730.7,5875.6,0,
09-Feb-22,5914.25,6001.2,5881.4,5985.0,0,
10-Feb-22,6015.5,6081.95,6000.95,6059.45,0,
11-Feb-22,6022.45,6076.95,5982.5,6023.8,0,
14-Feb-22,5892.75,5913.5,5702.45,5719.0,0,
15-Feb-22,5764.2,5858.65,5615.25,5845.5,0,
16-Feb-22,5878.15,5887.8,5788.15,5812.15,0,
17-Feb-22,5842.05,5870.65,5776.45,5793.4,0,
18-Feb-22,5779.9,5844.4,5761.25,5778.4,0,
21-Feb-22,5753.5,5767.45,5646.75,5658.95,0,
22-Feb-22,5540.25,5609.2,5476.7,5595.9,0,
23-Feb-22,5635.7,5655.2,5599.3,5608.9,0,
24-Feb-22,5427.15,5535.95,5293.4,5313.65,0,
25-Feb-22,5426.9,5647.4,5421.4,5618.7,0,
28-Feb-22,5586.5,5909.15,5554.45,5896.85,0,
02-Mar-22,5902.25,6173.1,5897.2,6136.7,0,
03-Mar-22,6254.35,6294.65,6169.55,6210.25,0,
04-Mar-22,6199.5,6269.0,5993.55,6010.15,0,
07-Mar-22,6014.3,6156.95,5988.45,6136.15,0,
08-Mar-22,6161.65,6161.65,5959.75,6045.3,0,
09-Mar-22,6045.9,6090.85,5981.75,6024.6,0,
10-Mar-22,6017.7,6172.7,5957.1,6161.95,0,
11-Mar-22,6175.6,6275.55,6151.9,6190.05,0,
14-Mar-22,6187.25,6205.3,6093.3,6161.05,0,
15-Mar-22,6113.4,6116.3,5868.85,5910.1,0,
16-Mar-22,5973.85,6082.05,5960.95,6065.7,0,
17-Mar-22,6117.25,6230.3,6101.55,6183.8,0,
21-Mar-22,6236.8,6358.4,6233.35,6276.35,0,
22-Mar-22,6326.9,6382.6,6244.1,6323.7,0,
23-Mar-22,6387.85,6444.15,6283.9,6399.95,0,
24-Mar-22,6407.85,6536.4,6404.5,6498.2,0,
25-Mar-22,6518.45,6565.45,6458.65,6500.2,0,
28-Mar-22,6497.95,6580.3,6467.85,6559.4,0,
29-Mar-22,6582.1,6617.85,6508.6,6571.85,0,
30-Mar-22,6561.3,6561.3,6417.45,6428.95,0,
31-Mar-22,6445.05,6471.2,6405.65,6423.7,0,
01-Apr-22,6439.4,6537.05,6432.45,6477.2,0,
04-Apr-22,6491.65,6634.7,6481.7,6606.1,0,
05-Apr-22,6648.5,6678.05,6602.45,6640.45,0,
06-Apr-22,6628.95,6770.05,6616.3,6730.0,0,
07-Apr-22,6742.3,6760.65,6597.6,6618.35,0,
08-Apr-22,6665.9,6783.8,6649.45,6755.55,0,
11-Apr-22,6768.6,6825.65,6751.45,6774.9,0,
12-Apr-22,6753.1,6760.15,6499.7,6589.25,0,
13-Apr-22,6642.4,6702.05,6603.0,6627.0,0,
18-Apr-22,6624.9,6684.75,6576.7,6648.95,0,
19-Apr-22,6705.65,6773.1,6508.3,6578.0,0,
20-Apr-22,6618.2,6644.15,6517.6,6556.1,0,
21-Apr-22,6581.85,6601.75,6477.35,6570.2,0,
22-Apr-22,6527.95,6554.85,6432.4,6440.65,0,
25-Apr-22,6322.25,6346.3,6215.4,6256.8,0,
26-Apr-22,6309.6,6347.6,6266.45,6336.85,0,
27-Apr-22,6301.8,6361.35,6222.0,6321.55,0,
28-Apr-22,6400.05,6400.05,6293.65,6362.4,0,
29-Apr-22,6397.4,6422.55,6310.85,6327.3,0,
02-May-22,6272.6,6379.05,6211.85,6363.1,0,
04-May-22,6420.9,6420.9,6140.8,6158.55,0,
05-May-22,6242.05,6325.9,6179.35,6196.6,0,
06-May-22,6077.3,6095.55,5974.05,6066.0,0,
09-May-22,5974.35,6019.05,5891.2,5942.8,0,
10-May-22,5896.9,5938.15,5614.1,5633.85,0,
11-May-22,5649.2,5734.45,5500.0,5634.15,0,
12-May-22,5581.75,5616.3,5351.95,5425.9,0,
13-May-22,5514.55,5564.95,5290.3,5313.05,0,
16-May-22,5401.5,5484.15,5323.15,5359.95,0,
17-May-22,5447.0,5745.2,5438.05,5727.45,0,
18-May-22,5770.25,5775.1,5674.55,5708.95,0,
19-May-22,5567.15,5580.3,5429.55,5476.25,0,
20-May-22,5649.95,5716.1,5606.3,5706.35,0,
23-May-22,5491.2,5491.2,5199.25,5241.6,0,
24-May-22,5262.3,5311.75,5160.1,5180.3,0,
25-May-22,5205.45,5227.0,5053.2,5079.25,0,
26-May-22,5124.35,5239.1,4954.3,5214.75,0,
27-May-22,5295.1,5316.75,5160.4,5211.5,0,
30-May-22,5238.05,5297.9,5192.3,5264.05,0,
31-May-22,5243.8,5390.85,5219.6,5332.75,0,
01-Jun-22,5350.9,5399.95,5285.95,5336.7,0,
02-Jun-22,5344.55,5407.1,5308.85,5397.55,0,
03-Jun-22,5445.8,5460.4,5314.8,5328.8,0,
06-Jun-22,5284.85,5399.5,5249.4,5388.65,0,
07-Jun-22,5352.3,5391.85,5314.75,5340.85,0,
08-Jun-22,5366.45,5398.0,5324.85,5348.2,0,
09-Jun-22,5302.2,5348.95,5234.65,5278.2,0,
10-Jun-22,5204.2,5220.6,5153.1,5199.95,0,
13-Jun-22,5105.6,5106.4,4977.7,5000.0,0,
14-Jun-22,5056.0,5107.65,4968.45,5018.3,0,
15-Jun-22,4992.55,5036.3,4964.55,4982.3,0,
16-Jun-22,5046.05,5053.1,4706.15,4721.3,0,
17-Jun-22,4691.25,4810.35,4677.15,4724.85,0,
20-Jun-22,4714.25,4720.15,4437.3,4540.55,0,
21-Jun-22,4604.35,4761.75,4576.5,4720.75,0,
22-Jun-22,4671.05,4672.55,4480.75,4490.75,0,
23-Jun-22,4500.5,4590.25,4452.15,4523.0,0,
24-Jun-22,4558.5,4613.65,4530.1,4596.6,0,
27-Jun-22,4683.1,4728.95,4650.95,4666.3,0,
28-Jun-22,4657.55,4755.1,4625.1,4744.0,0,
29-Jun-22,4695.35,4768.2,4678.25,4755.4,0,
30-Jun-22,4764.7,4808.0,4642.7,4660.9,0,
01-Jul-22,4629.95,4709.0,4571.3,4696.5,0,
04-Jul-22,4653.25,4684.95,4571.15,4649.95,0,
05-Jul-22,4675.85,4763.15,4653.4,4663.75,0,
06-Jul-22,4635.2,4676.3,4551.55,4665.3,0,
07-Jul-22,4717.55,4864.1,4675.7,4842.2,0,
08-Jul-22,4908.8,4908.8,4758.35,4799.55,0,
11-Jul-22,4776.5,4947.85,4751.05,4893.9,0,
12-Jul-22,4855.3,4900.25,4795.85,4834.05,0,
13-Jul-22,4843.1,4901.25,4817.35,4872.55,0,
14-Jul-22,4905.2,4905.35,4820.0,4870.35,0,
15-Jul-22,4872.2,4892.65,4790.85,4830.7,0,
18-Jul-22,4888.5,4963.3,4872.55,4950.95,0,
19-Jul-22,4926.2,4999.05,4920.0,4991.0,0,
20-Jul-22,5069.8,5097.15,5033.45,5046.7,0,
21-Jul-22,5059.3,5107.6,5042.8,5090.1,0,
22-Jul-22,5119.9,5130.35,5070.1,5094.1,0,
25-Jul-22,5086.3,5180.05,5081.5,5168.55,0,
26-Jul-22,5189.2,5201.55,5132.35,5153.4,0,
27-Jul-22,5150.15,5201.7,5121.95,5193.65,0,
28-Jul-22,5237.3,5324.1,5200.8,5282.1,0,
29-Jul-22,5346.75,5517.45,5337.5,5485.8,0,
01-Aug-22,5551.0,5586.5,5496.35,5578.15,0,
02-Aug-22,5557.65,5573.5,5462.55,5563.45,0,
03-Aug-22,5561.7,5609.8,5499.35,5553.15,0,
04-Aug-22,5597.3,5685.25,5549.15,5620.35,0,
05-Aug-22,5641.3,5679.7,5587.2,5595.85,0,
08-Aug-22,5617.05,5677.05,5590.75,5668.0,0,
10-Aug-22,5694.8,5782.95,5632.05,5759.6,0,
11-Aug-22,5806.65,5809.65,5739.85,5758.85,0,
12-Aug-22,5767.85,5878.35,5758.55,5853.45,0,
16-Aug-22,5869.05,5913.05,5784.9,5893.4,0,
17-Aug-22,5914.45,5955.65,5889.65,5922.8,0,
18-Aug-22,5913.9,6000.95,5892.75,5977.15,0,
19-Aug-22,6006.25,6022.7,5866.0,5883.25,0,
22-Aug-22,5856.95,5876.2,5694.65,5708.1,0,
23-Aug-22,5670.25,5808.5,5651.65,5789.2,0,
24-Aug-22,5799.35,5840.45,5750.05,5830.05,0,
25-Aug-22,5863.8,5883.2,5783.75,5800.1,0,
26-Aug-22,5849.85,5954.5,5847.5,5902.7,0,
29-Aug-22,5724.35,5837.75,5706.75,5812.25,0,
30-Aug-22,5866.25,5949.85,5858.55,5934.6,0,
01-Sep-22,5855.75,5906.95,5848.45,5878.95,0,
02-Sep-22,5908.1,5934.95,5825.2,5887.7,0,
05-Sep-22,5908.15,6005.1,5902.25,5985.75,0,
06-Sep-22,6010.95,6072.05,5968.3,6064.7,0,
07-Sep-22,6017.25,6075.8,5996.2,6066.4,0,
08-Sep-22,6105.3,6111.95,5993.8,6011.5,0,
09-Sep-22,6058.8,6101.45,6014.9,6025.3,0,
12-Sep-22,6065.85,6091.3,6051.8,6080.95,0,
13-Sep-22,6111.25,6180.3,6088.55,6158.9,0,
14-Sep-22,6076.75,6308.25,6064.65,6256.3,0,
15-Sep-22,6268.3,6286.35,6201.15,6263.9,0,
16-Sep-22,6216.45,6277.35,6065.1,6137.65,0,
19-Sep-22,6156.6,6174.15,6073.4,6110.1,0,
20-Sep-22,6165.55,6265.4,6160.7,6205.6,0,
21-Sep-22,6194.55,6246.7,6055.6,6076.1,0,
22-Sep-22,6059.15,6131.75,6029.3,6100.75,0,
23-Sep-22,6140.5,6174.45,6010.95,6027.35,0,
26-Sep-22,5971.25,5973.0,5734.55,5778.25,0,
27-Sep-22,5818.65,5840.45,5647.7,5728.65,0,
28-Sep-22,5666.15,5733.5,5603.0,5617.65,0,
29-Sep-22,5688.85,5775.35,5635.55,5645.95,0,
30-Sep-22,5659.5,5814.95,5600.25,5768.2,0,
03-Oct-22,5772.0,5772.0,5555.0,5593.95,0,
04-Oct-22,5731.75,5778.85,5662.0,5769.3,0,
06-Oct-22,5832.3,5968.25,5820.75,5956.95,0,
07-Oct-22,5941.15,5946.35,5864.6,5931.55,0,
10-Oct-22,5844.8,5927.35,5821.8,5916.4,0,
11-Oct-22,5926.65,5951.85,5771.35,5785.95,0,
12-Oct-22,5810.9,5813.75,5718.3,5798.15,0,
13-Oct-22,5838.6,5869.95,5751.15,5804.25,0,
14-Oct-22,5902.35,5914.85,5757.35,5767.2,0,
17-Oct-22,5740.5,5759.45,5656.1,5711.4,0,
18-Oct-22,5756.45,5788.45,5752.3,5775.05,0,
19-Oct-22,5791.5,5808.95,5726.55,5736.15,0,
20-Oct-22,5692.1,5812.8,5668.85,5801.7,0,
21-Oct-22,5817.7,5826.35,5701.0,5748.35,0,
24-Oct-22,5791.8,5803.05,5777.15,5789.05,0,
25-Oct-22,5783.35,5865.45,5765.75,5812.45,0,
27-Oct-22,5877.95,5981.15,5871.65,5970.25,0,
28-Oct-22,5968.1,5974.4,5843.7,5883.35,0,
31-Oct-22,5883.25,5913.5,5855.3,5896.35,0,
01-Nov-22,5860.7,6048.15,5858.55,6036.95,0,
02-Nov-22,6035.3,6114.1,6034.15,6075.7,0,
03-Nov-22,6019.85,6099.8,6008.1,6068.75,0,
04-Nov-22,6107.9,6332.7,6103.2,6324.15,0,
07-Nov-22,6367.3,6449.35,6296.05,6423.85,0,
09-Nov-22,6438.3,6451.9,6345.95,6364.05,0,
10-Nov-22,6325.9,6368.05,6293.25,6318.75,0,
11-Nov-22,6387.4,6459.5,6377.45,6447.2,0,
14-Nov-22,6480.4,6594.4,6472.9,6558.5,0,
15-Nov-22,6570.4,6603.2,6521.8,6589.55,0,
16-Nov-22,6587.8,6594.5,6395.3,6461.6,0,
17-Nov-22,6444.15,6480.05,6367.6,6455.7,0,
18-Nov-22,6471.4,6498.5,6400.05,6444.4,0,
21-Nov-22,6505.15,6506.35,6375.75,6392.25,0,
22-Nov-22,6403.5,6456.95,6370.0,6448.85,0,
23-Nov-22,6483.95,6490.95,6409.9,6422.85,0,
24-Nov-22,6441.35,6452.0,6387.4,6440.7,0,
25-Nov-22,6442.75,6464.9,6400.55,6455.15,0,
28-Nov-22,6427.8,6445.55,6371.0,6381.35,0,
29-Nov-22,6390.8,6481.85,6386.25,6447.35,0,
30-Nov-22,6464.15,6584.75,6459.45,6564.2,0,
01-Dec-22,6613.6,6684.3,6602.65,6664.85,0,
02-Dec-22,6663.0,6715.6,6642.15,6694.5,0,
05-Dec-22,6739.8,6835.35,6717.7,6819.75,0,
06-Dec-22,6795.85,6798.85,6734.5,6768.85,0,
07-Dec-22,6783.0,6795.45,6694.35,6709.3,0,
08-Dec-22,6725.55,6782.6,6707.6,6756.95,0,
09-Dec-22,6799.4,6814.75,6645.15,6681.55,0,
12-Dec-22,6661.95,6723.2,6592.4,6708.15,0,
13-Dec-22,6739.35,6756.4,6691.85,6722.0,0,
14-Dec-22,6754.0,6815.7,6746.7,6805.85,0,
15-Dec-22,6791.4,6827.85,6691.3,6708.55,0,
16-Dec-22,6673.05,6724.1,6615.75,6657.7,0,
19-Dec-22,6667.85,6757.5,6660.1,6742.45,0,
20-Dec-22,6720.05,6758.55,6637.5,6750.3,0,
21-Dec-22,6785.55,6802.95,6565.55,6593.65,0,
22-Dec-22,6630.65,6652.85,6463.5,6519.25,0,
23-Dec-22,6449.2,6474.6,6205.5,6228.0,0,
26-Dec-22,6241.75,6394.6,6194.5,6364.6,0,
27-Dec-22,6422.45,6644.3,6411.65,6633.95,0,
28-Dec-22,6611.1,6664.75,6585.45,6615.75,0,
29-Dec-22,6567.75,6699.55,6556.3,6687.1,0,
30-Dec-22,6739.4,6804.6,6704.45,6723.4,0,
02-Jan-23,6768.5,6907.35,6753.35,6886.65,0,
03-Jan-23,6897.25,6907.35,6838.55,6850.05,0,
04-Jan-23,6844.6,6848.5,6693.5,6705.85,0,
05-Jan-23,6733.75,6777.2,6668.2,6761.2,0,
06-Jan-23,6773.25,6804.75,6681.7,6697.3,0,
09-Jan-23,6766.1,6819.5,6747.65,6792.9,0,
10-Jan-23,6820.55,6855.95,6657.5,6741.7,0,
11-Jan-23,6779.0,6820.95,6744.35,6792.15,0,
12-Jan-23,6815.8,6817.05,6749.85,6783.65,0,
13-Jan-23,6800.7,6879.15,6790.9,6869.8,0,
16-Jan-23,6895.65,6905.3,6751.55,6779.25,0,
17-Jan-23,6776.5,6807.35,6709.1,6793.5,0,
18-Jan-23,6814.25,6919.6,6806.55,6905.8,0,
19-Jan-23,6814.65,6893.0,6803.75,6867.3,0,
20-Jan-23,6858.2,6893.7,6791.3,6805.25,0,
23-Jan-23,6816.0,6843.05,6758.0,6777.85,0,
24-Jan-23,6800.25,6808.85,6705.9,6717.6,0,
25-Jan-23,6708.4,6746.85,6653.1,6703.8,0,
27-Jan-23,6710.3,6719.55,6323.85,6389.25,0,
30-Jan-23,6426.45,6531.1,6221.15,6371.65,0,
31-Jan-23,6426.5,6530.8,6370.6,6468.4,0,
01-Feb-23,6513.55,6551.2,6092.0,6177.05,0,
02-Feb-23,6256.95,6278.15,5867.05,5908.2,0,
03-Feb-23,5899.85,5937.85,5580.25,5901.95,0,
06-Feb-23,5882.55,5882.55,5751.15,5772.4,0,
07-Feb-23,5695.3,5815.85,5657.55,5757.35,0,
08-Feb-23,5797.3,5999.1,5791.9,5975.15,0,
09-Feb-23,5990.85,5992.2,5776.4,5880.7,0,
10-Feb-23,5808.45,5873.0,5753.5,5773.6,0,
13-Feb-23,5772.45,5850.8,5682.55,5704.75,0,
14-Feb-23,5739.1,5824.25,5658.75,5762.85,0,
15-Feb-23,5767.5,5819.6,5747.3,5789.65,0,
16-Feb-23,5837.65,5868.8,5820.65,5860.75,0,
17-Feb-23,5852.25,5906.8,5787.7,5807.7,0,
20-Feb-23,5783.45,5805.3,5716.25,5762.95,0,
21-Feb-23,5797.6,5824.6,5731.95,5744.15,0,
22-Feb-23,5727.65,5751.3,5564.95,5592.3,0,
23-Feb-23,5594.7,5680.15,5583.85,5611.8,0,
24-Feb-23,5643.35,5654.05,5429.4,5443.6,0,
27-Feb-23,5435.75,5436.35,5231.9,5313.75,0,
28-Feb-23,5308.3,5326.2,5209.35,5269.1,0,
01-Mar-23,5312.3,5489.85,5306.2,5477.7,0,
02-Mar-23,5464.9,5522.45,5428.2,5473.35,0,
03-Mar-23,5548.25,5694.4,5547.2,5667.9,0,
06-Mar-23,5726.8,5799.6,5648.1,5679.55,0,
08-Mar-23,5670.3,5691.35,5587.3,5679.25,0,
09-Mar-23,5719.1,5776.15,5670.15,5682.75,0,
10-Mar-23,5586.8,5658.35,5548.15,5635.7,0,
13-Mar-23,5660.35,5733.55,5568.6,5585.25,0,
14-Mar-23,5603.5,5612.85,5470.8,5517.35,0,
15-Mar-23,5581.75,5651.95,5581.6,5616.5,0,
16-Mar-23,5578.75,5581.55,5409.7,5471.75,0,
17-Mar-23,5552.55,5614.85,5496.2,5602.6,0,
20-Mar-23,5565.7,5568.2,5420.45,5470.85,0,
21-Mar-23,5514.1,5524.1,5472.35,5494.5,0,
22-Mar-23,5512.25,5556.8,5475.7,5492.35,0,
23-Mar-23,5464.05,5528.7,5451.55,5497.85,0,
24-Mar-23,5520.8,5522.2,5358.35,5372.9,0,
27-Mar-23,5390.75,5418.15,5363.0,5372.85,0,
28-Mar-23,5398.65,5412.75,5304.45,5330.3,0,
29-Mar-23,5344.95,5484.0,5321.65,5460.2,0,
31-Mar-23,5519.55,5546.9,5475.4,5497.45,0,
03-Apr-23,5523.35,5524.3,5445.4,5477.85,0,
05-Apr-23,5472.8,5502.8,5436.05,5496.3,0,
06-Apr-23,5495.25,5556.7,5466.65,5528.1,0,
10-Apr-23,5548.9,5603.1,5538.7,5570.25,0,
11-Apr-23,5601.45,5673.85,5590.3,5668.25,0,
12-Apr-23,5699.2,5709.7,5670.9,5695.55,0,
13-Apr-23,5697.1,5717.7,5655.9,5710.05,0,
17-Apr-23,5704.3,5741.1,5697.35,5734.5,0,
18-Apr-23,5745.6,5772.85,5712.95,5749.0,0,
19-Apr-23,5758.05,5839.9,5750.05,5779.65,0,
20-Apr-23,5784.9,5805.7,5751.9,5756.95,0,
21-Apr-23,5764.35,5764.5,5644.2,5677.9,0,
24-Apr-23,5666.6,5711.7,5647.3,5703.3,0,
25-Apr-23,5704.1,5774.85,5697.7,5738.25,0,
26-Apr-23,5715.85,5720.65,5668.5,5713.2,0,
27-Apr-23,5707.55,5762.85,5688.9,5753.75,0,
28-Apr-23,5782.4,5805.35,5765.9,5799.4,0,
02-May-23,5828.4,5911.25,5820.7,5882.0,0,
03-May-23,5856.3,5869.05,5787.1,5824.25,0,
04-May-23,5841.0,5902.9,5830.5,5895.05,0,
05-May-23,5902.45,5902.45,5798.35,5807.05,0,
08-May-23,5835.3,5861.6,5796.65,5845.65,0,
09-May-23,5856.25,5914.2,5820.6,5836.85,0,
10-May-23,5843.65,5861.1,5804.4,5822.1,0,
11-May-23,5848.9,5848.9,5789.65,5797.3,0,
12-May-23,5784.45,5784.45,5683.5,5690.9,0,
15-May-23,5698.55,5723.25,5625.75,5701.75,0,
16-May-23,5732.7,5753.65,5672.85,5683.45,0,
17-May-23,5677.75,5680.5,5612.15,5632.85,0,
18-May-23,5666.55,5703.7,5594.75,5601.65,0,
19-May-23,5620.55,5629.75,5544.95,5618.05,0,
22-May-23,5641.95,5806.6,5620.25,5797.5,0,
23-May-23,5855.8,5993.45,5848.7,5947.7,0,
24-May-23,5965.9,5981.0,5842.5,5855.15,0,
25-May-23,5830.4,5885.2,5786.85,5872.55,0,
26-May-23,5888.65,5948.4,5876.45,5935.4,0,
29-May-23,5973.3,6016.25,5956.3,5991.2,0,
30-May-23,6001.85,6013.3,5925.9,5936.55,0,
31-May-23,5900.7,5926.65,5848.4,5890.05,0,
01-Jun-23,5907.3,5944.65,5876.4,5884.2,0,
02-Jun-23,5934.7,5967.7,5906.85,5956.0,0,
05-Jun-23,5991.15,5998.9,5956.2,5975.9,0,
06-Jun-23,6002.85,6012.35,5943.55,5967.45,0,
07-Jun-23,5995.0,6062.15,5968.75,6057.75,0,
08-Jun-23,6072.45,6149.25,6056.65,6067.7,0,
09-Jun-23,6093.45,6099.75,6017.45,6039.35,0,
12-Jun-23,6068.35,6101.3,6048.2,6076.3,0,
13-Jun-23,6110.45,6157.85,6088.25,6127.65,0,
14-Jun-23,6163.5,6225.8,6158.5,6214.75,0,
15-Jun-23,6230.8,6236.25,6190.2,6203.05,0,
16-Jun-23,6244.25,6265.3,6214.7,6231.5,0,
19-Jun-23,6260.85,6285.2,6166.6,6203.5,0,
20-Jun-23,6214.1,6279.4,6184.9,6246.65,0,
21-Jun-23,6264.4,6270.1,6158.25,6187.75,0,
22-Jun-23,6193.9,6244.6,6158.45,6190.95,0,
23-Jun-23,6164.8,6166.2,6023.15,6037.2,0,
26-Jun-23,6037.8,6098.3,5988.6,6083.1,0,
27-Jun-23,6117.1,6156.1,6112.45,6127.65,0,
28-Jun-23,6167.2,6238.05,6151.85,6211.05,0,
30-Jun-23,6236.4,6238.15,6186.45,6209.1,0,
03-Jul-23,6254.4,6308.75,6243.45,6275.45,0,
04-Jul-23,6301.65,6315.85,6243.1,6275.2,0,
05-Jul-23,6285.1,6314.45,6270.05,6292.3,0,
06-Jul-23,6297.8,6331.55,6262.55,6325.35,0,
07-Jul-23,6305.85,6343.55,6253.35,6279.25,0,
10-Jul-23,6300.35,6408.5,6284.7,6385.1,0,
11-Jul-23,6405.65,6413.45,6361.75,6369.1,0,
12-Jul-23,6391.5,6411.9,6327.7,6363.25,0,
13-Jul-23,6419.9,6451.2,6355.3,6379.7,0,
14-Jul-23,6431.4,6487.15,6403.85,6469.45,0,
17-Jul-23,6500.4,6554.85,6482.15,6500.55,0,
18-Jul-23,6511.4,6541.0,6427.45,6446.75,0,
19-Jul-23,6470.65,6497.7,6452.7,6474.55,0,
20-Jul-23,6493.3,6493.6,6455.95,6485.25,0,
21-Jul-23,6471.9,6538.0,6432.75,6442.3,0,
24-Jul-23,6442.1,6448.3,6384.6,6395.55,0,
25-Jul-23,6426.2,6591.0,6411.35,6583.65,0,
26-Jul-23,6610.4,6617.35,6580.35,6604.95,0,
27-Jul-23,6626.8,6674.6,6556.2,6581.55,0,
28-Jul-23,6593.05,6647.65,6551.1,6640.8,0,
31-Jul-23,6643.65,6767.85,6643.65,6758.2,0,
01-Aug-23,6793.85,6819.85,6751.1,6770.15,0,
02-Aug-23,6757.6,6757.6,6580.3,6633.45,0,
03-Aug-23,6600.8,6627.9,6532.75,6602.2,0,
04-Aug-23,6658.8,6676.65,6608.05,6622.9,0,
07-Aug-23,6655.7,6659.75,6580.65,6622.15,0,
08-Aug-23,6635.05,6635.95,6537.6,6544.8,0,
09-Aug-23,6562.8,6690.85,6545.9,6677.85,0,
10-Aug-23,6679.95,6747.1,6663.65,6723.3,0,
11-Aug-23,6722.4,6729.7,6652.9,6688.85,0,
14-Aug-23,6643.5,6648.15,6513.1,6545.95,0,
16-Aug-23,6534.65,6536.55,6455.1,6484.1,0,
17-Aug-23,6487.15,6508.3,6433.55,6480.5,0,
18-Aug-23,6485.45,6537.7,6444.75,6493.7,0,
21-Aug-23,6534.35,6587.85,6513.0,6578.4,0,
22-Aug-23,6606.35,6647.75,6596.5,6634.4,0,
23-Aug-23,6676.1,6708.2,6610.7,6625.55,0,
24-Aug-23,6677.8,6706.35,6594.9,6602.85,0,
25-Aug-23,6589.6,6597.4,6510.05,6519.35,0,
28-Aug-23,6563.7,6591.2,6525.1,6533.3,0,
29-Aug-23,6559.65,6630.65,6536.25,6616.7,0,
30-Aug-23,6653.75,6711.55,6646.35,6677.8,0,
31-Aug-23,6678.45,6705.05,6631.25,6659.35,0,
01-Sep-23,6665.0,6867.75,6663.45,6851.0,0,
04-Sep-23,6911.45,7042.55,6851.0,7007.05,0,
05-Sep-23,7021.7,7064.2,6954.1,7039.15,0,
06-Sep-23,7053.35,7054.05,6934.9,6983.7,0,
07-Sep-23,6972.3,6998.3,6935.95,6981.15,0,
08-Sep-23,6996.25,7018.15,6951.0,6977.9,0,
11-Sep-23,7020.35,7114.8,7001.75,7104.4,0,
12-Sep-23,7167.1,7168.5,6901.65,6914.55,0,
13-Sep-23,6934.0,6985.5,6851.5,6943.65,0,
14-Sep-23,6996.05,7120.25,6986.45,7046.9,0,
15-Sep-23,7095.0,7113.65,7011.05,7035.8,0,
18-Sep-23,7073.1,7073.1,6949.35,6957.8,0,
20-Sep-23,6945.0,6980.1,6830.55,6844.05,0,
21-Sep-23,6847.15,6878.75,6786.65,6806.6,0,
22-Sep-23,6809.05,6824.6,6722.75,6761.8,0,
25-Sep-23,6783.2,6783.5,6721.6,6754.25,0,
26-Sep-23,6776.95,6841.6,6751.25,6775.3,0,
27-Sep-23,6759.15,6786.9,6708.3,6777.3,0,
28-Sep-23,6791.35,6839.65,6690.45,6712.0,0,
29-Sep-23,6767.85,6869.95,6764.2,6839.3,0,
03-Oct-23,6833.5,6837.4,6771.45,6798.0,0,
04-Oct-23,6771.45,6789.45,6686.05,6725.95,0,
05-Oct-23,6756.6,6775.85,6699.6,6709.1,0,
06-Oct-23,6752.55,6792.35,6719.7,6744.4,0,
09-Oct-23,6673.45,6680.95,6586.7,6647.15,0,
10-Oct-23,6674.9,6808.6,6666.9,6783.15,0,
11-Oct-23,6837.5,6862.9,6804.65,6812.15,0,
12-Oct-23,6828.75,6910.5,6826.2,6863.05,0,
13-Oct-23,6811.65,6840.55,6775.3,6820.8,0,
16-Oct-23,6827.0,6914.85,6808.6,6882.8,0,
17-Oct-23,6927.6,6941.65,6884.45,6902.0,0,
18-Oct-23,6925.0,6967.6,6850.85,6863.4,0,
19-Oct-23,6808.85,6823.3,6739.35,6803.3,0,
20-Oct-23,6782.5,6823.4,6694.1,6712.75,0,
23-Oct-23,6725.0,6729.2,6480.1,6494.0,0,
25-Oct-23,6552.25,6610.15,6460.8,6503.65,0,
26-Oct-23,6466.3,6472.8,6348.7,6398.05,0,
27-Oct-23,6436.45,6488.55,6430.15,6453.1,0,
30-Oct-23,6478.4,6488.95,6417.6,6467.95,0,
31-Oct-23,6521.55,6521.55,6423.65,6452.45,0,
01-Nov-23,6447.2,6455.85,6346.3,6359.9,0,
02-Nov-23,6371.35,6481.4,6371.35,6448.95,0,
03-Nov-23,6487.35,6517.4,6469.55,6479.15,0,
06-Nov-23,6527.05,6577.95,6505.75,6567.1,0,
07-Nov-23,6575.7,6617.55,6545.95,6576.85,0,
08-Nov-23,6609.95,6635.05,6583.0,6626.3,0,
09-Nov-23,6636.65,6653.75,6593.15,6599.65,0,
10-Nov-23,6594.75,6664.65,6571.3,6646.05,0,
12-Nov-23,6707.35,6708.95,6682.1,6689.55,0,
13-Nov-23,6692.8,6739.75,6670.65,6714.1,0,
15-Nov-23,6782.45,6851.45,6775.6,6792.4,0,
16-Nov-23,6792.35,6828.1,6747.55,6792.4,0,
17-Nov-23,6792.65,6837.1,6783.5,6803.9,0,
20-Nov-23,6820.15,6853.55,6767.05,6771.55,0,
21-Nov-23,6817.45,6889.05,6814.25,6854.2,0,
22-Nov-23,6865.25,6874.65,6768.2,6792.65,0,
23-Nov-23,6808.75,6836.4,6774.2,6828.35,0,
24-Nov-23,6849.7,6891.2,6828.05,6874.25,0,
28-Nov-23,6949.05,7021.6,6922.7,7001.65,0,
29-Nov-23,7046.85,7055.85,7002.6,7016.4,0,
30-Nov-23,7028.25,7047.35,6957.55,7017.45,0,
01-Dec-23,7065.55,7127.35,7025.4,7087.0,0,
04-Dec-23,7270.45,7275.55,7190.05,7202.6,0,
05-Dec-23,7203.3,7445.45,7197.25,7423.4,0,
06-Dec-23,7507.65,7512.65,7354.95,7425.35,0,
07-Dec-23,7437.3,7450.45,7360.15,7369.85,0,
08-Dec-23,7399.4,7487.8,7277.95,7362.9,0,
11-Dec-23,7388.85,7449.6,7355.1,7439.7,0,
12-Dec-23,7457.75,7533.1,7429.75,7462.6,0,
13-Dec-23,7479.25,7539.3,7411.4,7528.2,0,
14-Dec-23,7604.25,7634.75,7567.3,7574.25,0,
15-Dec-23,7654.6,7751.15,7634.2,7735.35,0,
18-Dec-23,7712.1,7790.3,7638.8,7768.55,0,
19-Dec-23,7788.85,7799.05,7674.85,7716.65,0,
20-Dec-23,7752.45,7766.75,7393.05,7421.55,0,
21-Dec-23,7353.0,7551.3,7310.45,7524.0,0,
22-Dec-23,7580.95,7662.45,7571.75,7652.65,0,
26-Dec-23,7698.05,7762.9,7674.65,7739.8,0,
27-Dec-23,7780.35,7863.75,7769.45,7847.75,0,
28-Dec-23,7890.0,7946.55,7871.95,7926.35,0,
29-Dec-23,7940.5,8016.45,7874.1,7978.0,0,
01-Jan-24,7995.55,8055.6,7966.45,7999.8,0,
02-Jan-24,8017.95,8042.7,7866.35,8023.9,0,
03-Jan-24,8042.55,8045.95,7860.55,7878.4,0,
04-Jan-24,7926.15,7930.25,7874.4,7883.05,0,
05-Jan-24,7905.9,7992.2,7823.0,7871.8,0,
08-Jan-24,7915.2,7921.35,7737.4,7747.0,0,
09-Jan-24,7819.7,7863.6,7775.8,7808.3,0,
10-Jan-24,7811.3,7893.15,7729.75,7882.65,0,
11-Jan-24,7926.35,7940.05,7857.95,7876.15,0,
12-Jan-24,7912.65,7938.8,7870.3,7898.35,0,
15-Jan-24,7941.4,7945.1,7827.6,7864.1,0,
16-Jan-24,7889.05,7973.2,7808.1,7941.85,0,
17-Jan-24,7852.9,7852.9,7683.7,7693.55,0,
18-Jan-24,7697.55,7708.35,7484.95,7629.1,0,
19-Jan-24,7683.55,7748.5,7668.35,7732.35,0,
20-Jan-24,7767.55,7790.1,7702.15,7752.5,0,
23-Jan-24,7780.55,7792.05,7470.15,7486.85,0,
24-Jan-24,7523.05,7717.45,7504.2,7708.65,0,
25-Jan-24,7744.35,7746.5,7626.3,7719.65,0,
29-Jan-24,7766.65,7853.95,7748.5,7843.75,0,
30-Jan-24,7880.95,7978.95,7852.6,7864.0,0,
31-Jan-24,7872.6,7986.55,7858.65,7973.1,0,
01-Feb-24,8000.15,8003.8,7869.6,7891.05,0,
02-Feb-24,7953.2,8115.2,7928.4,8078.25,0,
05-Feb-24,8120.55,8226.45,8059.25,8109.55,0,
06-Feb-24,8137.2,8255.95,8028.35,8238.25,0,
07-Feb-24,8324.1,8348.25,8224.15,8276.65,0,
08-Feb-24,8314.3,8344.25,8197.1,8221.85,0,
09-Feb-24,8235.45,8239.2,7935.3,8095.6,0,
12-Feb-24,8135.75,8182.95,7863.25,7901.65,0,
13-Feb-24,7806.5,7806.8,7547.2,7737.85,0,
14-Feb-24,7694.6,7885.9,7666.7,7874.8,0,
15-Feb-24,7943.95,7987.15,7890.2,7910.6,0,
16-Feb-24,7968.55,8022.2,7928.85,7976.45,0,
19-Feb-24,8018.35,8035.5,7965.0,7981.25,0,
20-Feb-24,8004.55,8007.5,7904.5,7955.8,0,
21-Feb-24,8037.7,8118.9,7937.25,7976.45,0,
22-Feb-24,8026.6,8078.3,7950.5,8069.4,0,
23-Feb-24,8103.9,8112.8,8032.5,8047.75,0,
26-Feb-24,8058.5,8081.4,7945.4,7971.75,0,
27-Feb-24,7987.5,8016.45,7957.0,8000.55,0,
28-Feb-24,8030.9,8049.1,7824.55,7850.35,0,
29-Feb-24,7859.75,7965.95,7812.0,7921.9,0,
01-Mar-24,7992.8,8225.65,7990.75,8208.5,0,
02-Mar-24,8259.55,8345.85,8237.75,8337.8,0,
04-Mar-24,8337.0,8375.25,8229.35,8318.95,0,
05-Mar-24,8324.8,8347.75,8257.15,8300.55,0,
06-Mar-24,8304.9,8324.8,8097.2,8257.65,0,
07-Mar-24,8290.55,8436.55,8281.7,8371.3,0,
11-Mar-24,8407.8,8410.25,8235.05,8250.75,0,
12-Mar-24,8256.2,8273.5,8065.3,8108.4,0,
13-Mar-24,8110.85,8121.2,7578.35,7647.4,0,
14-Mar-24,7663.5,7814.4,7591.85,7799.95,0,
15-Mar-24,7802.05,7855.45,7684.85,7802.65,0,
18-Mar-24,7781.6,8015.55,7742.6,7996.9,0,
19-Mar-24,7992.6,8086.15,7877.95,7923.6,0,
20-Mar-24,7957.15,7999.25,7770.9,7860.9,0,
21-Mar-24,7974.45,8069.2,7953.05,8052.75,0,
22-Mar-24,8029.85,8169.45,7983.35,8130.8,0,
26-Mar-24,8109.1,8201.25,8103.7,8161.2,0,
27-Mar-24,8191.3,8219.85,8146.35,8154.95,0,
28-Mar-24,8191.25,8320.9,8173.9,8257.2,0,
01-Apr-24,8343.5,8571.95,8335.3,8562.7,0,
02-Apr-24,8573.0,8702.35,8527.75,8690.85,0,
03-Apr-24,8678.3,8781.6,8634.45,8691.2,0,
04-Apr-24,8797.3,8813.05,8608.4,8684.45,0,
05-Apr-24,8676.95,8746.75,8578.65,8699.05,0,
08-Apr-24,8789.3,8808.15,8712.2,8794.65,0,
09-Apr-24,8832.9,8985.85,8771.2,8894.4,0,
10-Apr-24,8970.15,9054.95,8949.7,8999.6,0,
12-Apr-24,9017.85,9028.45,8906.15,8951.3,0,
15-Apr-24,8902.3,9060.8,8744.8,8899.7,0,
16-Apr-24,8864.6,8968.25,8800.55,8851.95,0,
18-Apr-24,8916.6,9025.1,8786.1,8824.25,0,
19-Apr-24,8783.8,8923.55,8670.5,8909.0,0,
22-Apr-24,8995.7,9041.35,8904.15,8931.2,0,
23-Apr-24,8972.7,8972.85,8879.45,8900.45,0,
24-Apr-24,8932.1,9158.4,8920.8,9140.1,0,
25-Apr-24,9135.85,9253.85,9063.5,9242.0,0,
26-Apr-24,9283.65,9377.1,9212.2,9222.65,0,
29-Apr-24,9320.3,9323.05,9217.7,9268.8,0,
30-Apr-24,9326.6,9327.55,9162.2,9175.8,0,
02-May-24,9186.55,9341.4,9177.6,9279.55,0,
03-May-24,9352.9,9401.55,9170.3,9276.3,0,
06-May-24,9326.25,9338.25,9078.25,9189.75,0,
07-May-24,9223.25,9223.8,8897.55,8969.9,0,
08-May-24,8940.35,9130.6,8931.0,9102.35,0,
09-May-24,9117.35,9140.3,8816.9,8841.25,0,
10-May-24,8886.25,8990.7,8807.85,8977.45,0,
13-May-24,8970.6,9106.7,8789.95,9094.8,0,
14-May-24,9148.75,9373.95,9135.5,9347.15,0,
15-May-24,9389.4,9492.5,9361.3,9376.9,0,
16-May-24,9423.45,9465.85,9262.0,9405.4,0,
17-May-24,9422.2,9582.5,9403.15,9557.95,0,
18-May-24,9586.4,9633.3,9568.05,9608.8,0,
21-May-24,9671.45,10002.3,9645.3,9981.15,0,
22-May-24,10051.7,10051.7,9845.5,9919.45,0,
23-May-24,9872.8,9977.6,9738.35,9959.45,0,
24-May-24,9966.1,10060.2,9907.2,9928.4,0,
27-May-24,9997.75,10022.5,9847.4,9866.4,0,
28-May-24,9910.65,9996.85,9788.05,9815.05,0,
29-May-24,9830.8,9927.85,9763.8,9841.2,0,
30-May-24,9800.45,9808.55,9517.4,9545.25,0,
31-May-24,9631.5,9783.8,9574.05,9723.6,0,
03-Jun-24,10195.6,10195.6,9933.3,10048.5,0,
04-Jun-24,9986.4,9988.2,8534.95,8980.15,0,
05-Jun-24,9077.6,9524.3,8736.5,9496.6,0,
06-Jun-24,9592.95,9733.9,9556.5,9632.5,0,
07-Jun-24,9641.35,9857.4,9577.55,9833.6,0,
10-Jun-24,9853.45,9865.1,9750.35,9795.85,0,
11-Jun-24,9813.3,9890.25,9777.1,9789.55,0,
12-Jun-24,9828.2,9888.55,9802.0,9838.35,0,
13-Jun-24,9907.0,9937.85,9798.1,9840.25,0,
14-Jun-24,9872.2,9925.05,9796.85,9912.1,0,
18-Jun-24,9957.3,9988.05,9881.15,9890.2,0,
19-Jun-24,9933.1,9937.8,9747.05,9773.3,0,
20-Jun-24,9803.25,10016.3,9764.7,9951.05,0,
21-Jun-24,9988.75,10042.8,9910.0,9990.9,0,
24-Jun-24,9912.85,9967.65,9807.4,9926.85,0,
25-Jun-24,9961.9,9994.5,9833.2,9857.45,0,
26-Jun-24,9821.25,9832.55,9701.3,9714.3,0,
27-Jun-24,9720.8,9814.85,9646.1,9767.4,0,
28-Jun-24,9793.5,9889.25,9784.65,9814.3,0,
01-Jul-24,9849.65,9913.65,9842.3,9882.8,0,
02-Jul-24,9901.95,9942.6,9798.35,9835.7,0,
03-Jul-24,9868.9,9952.8,9835.55,9940.1,0,
04-Jul-24,9989.5,10028.0,9928.5,9936.8,0,
05-Jul-24,9943.25,10004.8,9898.4,9970.5,0,
08-Jul-24,9992.85,9993.7,9840.8,9877.35,0,
09-Jul-24,9923.55,9957.7,9853.35,9881.9,0,
10-Jul-24,9899.8,9921.85,9600.1,9722.8,0,
11-Jul-24,9792.4,9819.7,9694.85,9723.25,0,
12-Jul-24,9763.95,9782.75,9653.15,9708.2,0,
15-Jul-24,9721.55,9752.65,9635.05,9729.6,0,
16-Jul-24,9775.0,9821.9,9708.3,9722.0,0,
18-Jul-24,9719.95,9724.1,9587.7,9636.95,0,
19-Jul-24,9611.35,9614.0,9241.15,9256.3,0,
22-Jul-24,9211.25,9366.1,9154.55,9350.6,0,
23-Jul-24,9383.6,9391.8,8964.05,9263.1,0,
24-Jul-24,9272.4,9328.95,9225.35,9267.15,0,
25-Jul-24,9152.95,9181.45,9093.75,9148.0,0,
26-Jul-24,9240.05,9448.35,9215.75,9423.4,0,
29-Jul-24,9510.75,9520.35,9416.85,9450.3,0,
30-Jul-24,9441.55,9512.45,9367.4,9468.35,0,
31-Jul-24,9550.75,9611.1,9499.75,9583.4,0,
01-Aug-24,9690.85,9759.6,9513.6,9573.2,0,
02-Aug-24,9440.35,9448.3,9301.5,9314.55,0,
05-Aug-24,9077.2,9100.05,8797.6,8862.5,0,
06-Aug-24,8955.55,9086.65,8865.0,8888.95,0,
07-Aug-24,9064.25,9152.05,8993.45,9128.45,0,
08-Aug-24,9115.0,9115.8,8953.8,8969.25,0,
09-Aug-24,9086.75,9099.05,8987.3,9038.3,0,
12-Aug-24,8970.2,9149.3,8902.6,9106.25,0,
13-Aug-24,9164.1,9171.5,8941.15,8957.15,0,
14-Aug-24,8989.25,8992.8,8727.8,8844.3,0,
16-Aug-24,8938.7,9009.7,8871.75,8994.1,0,
19-Aug-24,9033.45,9173.35,9031.45,9161.95,0,
20-Aug-24,9224.9,9225.25,9132.7,9204.65,0,
21-Aug-24,9185.2,9313.55,9174.45,9264.05,0,
22-Aug-24,9309.7,9333.0,9273.15,9326.25,0,
23-Aug-24,9344.45,9352.45,9273.3,9290.5,0,
26-Aug-24,9349.8,9512.2,9322.6,9490.75,0,
27-Aug-24,9499.9,9518.45,9424.3,9432.75,0,
28-Aug-24,9460.65,9461.2,9375.5,9414.8,0,
29-Aug-24,9392.35,9404.9,9266.65,9369.95,0,
30-Aug-24,9390.65,9457.2,9369.9,9405.25,0,
02-Sep-24,9437.6,9449.25,9276.6,9307.15,0,
03-Sep-24,9331.4,9344.05,9245.4,9254.75,0,
04-Sep-24,9136.0,9222.35,9111.1,9185.5,0,
05-Sep-24,9213.8,9249.2,9198.75,9212.95,0,
06-Sep-24,9224.85,9263.45,9101.95,9161.15,0,
09-Sep-24,9136.1,9137.55,8993.35,9099.0,0,
10-Sep-24,9140.65,9231.75,9100.05,9156.2,0,
11-Sep-24,9160.05,9169.7,9010.25,9028.2,0,
12-Sep-24,9144.35,9305.6,9068.95,9290.85,0,
13-Sep-24,9342.9,9442.65,9327.55,9370.65,0,
16-Sep-24,9432.8,9500.85,9406.4,9427.7,0,
17-Sep-24,9445.35,9463.9,9369.6,9388.15,0,
18-Sep-24,9381.75,9384.2,9253.95,9310.55,0,
19-Sep-24,9370.9,9387.1,9122.95,9251.2,0,
20-Sep-24,9337.85,9451.7,9329.1,9404.3,0,
23-Sep-24,9461.65,9466.35,9403.4,9454.85,0,
24-Sep-24,9531.35,9745.3,9522.15,9735.4,0,
25-Sep-24,9816.75,9869.5,9734.65,9777.15,0,
26-Sep-24,9793.4,9999.2,9702.75,9985.7,0,
27-Sep-24,10058.8,10167.4,10043.7,10064.6,0,
30-Sep-24,10124.1,10263.7,10119.7,10198.3,0,
01-Oct-24,10214.2,10236.2,10061.8,10223.0,0,
03-Oct-24,10129.8,10322.0,10123.8,10155.0,0,
04-Oct-24,10150.8,10250.7,9979.4,10113.2,0,
07-Oct-24,10157.8,10177.6,9778.9,9886.3,0,
08-Oct-24,9817.55,9836.75,9574.7,9794.45,0,
09-Oct-24,9779.1,9914.65,9724.5,9800.75,0,
10-Oct-24,9799.65,9882.4,9779.75,9839.95,0,
11-Oct-24,9858.15,10011.8,9855.85,9932.7,0,
14-Oct-24,9968.05,10062.7,9881.45,9905.0,0,
15-Oct-24,9938.6,9956.35,9722.65,9762.05,0,
16-Oct-24,9743.5,9828.7,9694.1,9741.7,0,
17-Oct-24,9786.9,9816.3,9574.85,9603.3,0,
18-Oct-24,9579.15,9780.0,9484.2,9753.9,0,
21-Oct-24,9802.8,9858.75,9594.1,9606.8,0,
22-Oct-24,9597.1,9627.0,9301.45,9318.8,0,
23-Oct-24,9315.65,9432.25,9247.35,9295.25,0,
24-Oct-24,9304.05,9314.7,9151.15,9273.45,0,
25-Oct-24,9295.25,9300.3,8924.55,9048.95,0,
28-Oct-24,9056.6,9314.7,9001.75,9278.4,0,
29-Oct-24,9297.7,9358.25,9097.3,9338.75,0,
30-Oct-24,9305.35,9427.85,9267.75,9342.45,0,
31-Oct-24,9338.95,9365.6,9279.45,9326.85,0,
01-Nov-24,9376.8,9414.7,9371.75,9385.8,0,
04-Nov-24,9393.5,9398.7,9118.7,9242.9,0,
05-Nov-24,9245.5,9525.3,9234.1,9505.4,0,
06-Nov-24,9557.7,9671.25,9399.85,9656.45,0,
07-Nov-24,9646.25,9657.75,9355.9,9392.85,0,
08-Nov-24,9432.4,9473.8,9262.35,9308.9,0,
11-Nov-24,9281.6,9294.35,9166.3,9216.25,0,
12-Nov-24,9266.15,9304.45,9049.9,9078.5,0,
13-Nov-24,9039.25,9061.45,8802.2,8836.75,0,
14-Nov-24,8866.8,8948.6,8812.9,8828.7,0,
18-Nov-24,8918.3,9129.65,8894.8,8996.65,0,
19-Nov-24,9017.35,9067.8,8897.55,8920.35,0,
21-Nov-24,8816.05,8832.5,8652.15,8717.4,0,
22-Nov-24,8712.1,8872.15,8658.35,8846.2,0,
25-Nov-24,8973.6,8978.95,8865.95,8883.0,0,
26-Nov-24,8907.3,8981.05,8867.3,8916.7,0,
27-Nov-24,8930.2,9004.05,8864.1,8987.35,0,
28-Nov-24,9020.45,9074.85,8947.0,8964.85,0,
29-Nov-24,8994.55,9074.2,8955.35,9034.0,0,
02-Dec-24,9032.5,9143.6,8996.3,9133.6,0,
03-Dec-24,9175.05,9261.9,9169.65,9246.25,0,
04-Dec-24,9264.7,9283.65,9155.85,9230.1,0,
05-Dec-24,9251.4,9325.45,9154.65,9282.75,0,
06-Dec-24,9300.3,9416.6,9270.1,9397.15,0,
09-Dec-24,9397.6,9462.4,9299.85,9455.25,0,
10-Dec-24,9496.95,9562.3,9427.85,9475.35,0,
11-Dec-24,9483.4,9605.35,9450.15,9483.65,0,
12-Dec-24,9522.55,9537.7,9417.4,9507.75,0,
13-Dec-24,9460.7,9465.1,9239.1,9439.3,0,
16-Dec-24,9446.45,9469.9,9311.7,9347.75,0,
17-Dec-24,9332.8,9357.3,9171.15,9194.95,0,
18-Dec-24,9207.5,9220.6,9030.65,9069.9,0,
19-Dec-24,8901.35,8989.1,8854.7,8977.2,0,
20-Dec-24,8981.8,9051.2,8788.95,8813.25,0,
23-Dec-24,8902.05,8979.45,8828.45,8891.4,0,
24-Dec-24,8875.3,8897.0,8786.8,8817.6,0,
26-Dec-24,8835.9,8853.25,8757.75,8805.25,0,
27-Dec-24,8820.5,8869.8,8707.65,8720.7,0,
30-Dec-24,8720.85,8753.3,8584.0,8609.85,0,
31-Dec-24,8590.7,8679.95,8573.35,8649.9,0,
01-Jan-25,8646.6,8667.7,8580.25,8639.9,0,
02-Jan-25,8655.75,8728.15,8616.5,8723.35,0,
03-Jan-25,8723.7,8817.15,8710.9,8729.95,0,
06-Jan-25,8740.65,8740.8,8430.5,8455.5,0,
07-Jan-25,8464.05,8595.05,8459.75,8560.55,0,
08-Jan-25,8558.35,8567.2,8436.85,8503.2,0,
09-Jan-25,8474.1,8501.75,8386.35,8398.85,0,
10-Jan-25,8391.15,8412.45,8204.45,8262.95,0,
13-Jan-25,8194.65,8198.45,7935.35,7951.35,0,
14-Jan-25,7978.15,8283.8,7977.9,8267.5,0,
15-Jan-25,8323.0,8353.9,8236.35,8280.95,0,
16-Jan-25,8389.65,8450.3,8367.8,8422.0,0,
17-Jan-25,8435.9,8556.35,8412.2,8521.7,0,
20-Jan-25,8558.3,8643.45,8473.5,8613.35,0,
21-Jan-25,8661.6,8696.45,8520.1,8532.1,0,
22-Jan-25,8560.7,8560.75,8332.1,8470.25,0,
23-Jan-25,8448.9,8557.7,8409.35,8515.55,0,
24-Jan-25,8523.15,8617.7,8417.5,8438.8,0,
27-Jan-25,8333.45,8348.0,8170.25,8189.8,0,
28-Jan-25,8218.05,8259.15,8055.15,8157.45,0,
29-Jan-25,8183.05,8321.55,8153.8,8308.65,0,
30-Jan-25,8320.35,8437.55,8250.7,8299.75,0,
31-Jan-25,8278.8,8409.2,8190.9,8399.7,0,
01-Feb-25,8420.5,8443.9,8161.3,8298.5,0,
03-Feb-25,8187.95,8196.05,7979.55,8155.15,0,
04-Feb-25,8229.15,8358.65,8227.8,8301.45,0,
05-Feb-25,8313.75,8467.8,8312.75,8427.1,0,
06-Feb-25,8449.55,8469.45,8325.8,8363.65,0,
07-Feb-25,8377.95,8611.9,8370.8,8585.8,0,
10-Feb-25,8560.9,8563.75,8319.35,8359.25,0,
11-Feb-25,8302.15,8423.9,8182.25,8213.55,0,
12-Feb-25,8205.7,8316.75,8060.45,8268.4,0,
13-Feb-25,8263.7,8459.15,8256.05,8336.35,0,
14-Feb-25,8380.45,8460.8,8097.8,8187.5,0,
17-Feb-25,8155.4,8261.35,8028.8,8250.2,0,
18-Feb-25,8263.1,8278.2,8119.8,8255.6,0,
19-Feb-25,8201.35,8380.95,8167.2,8359.2,0,
20-Feb-25,8341.15,8538.4,8336.4,8523.0,0,
21-Feb-25,8528.9,8657.3,8498.7,8609.7,0,
24-Feb-25,8506.15,8557.05,8378.2,8422.8,0,
25-Feb-25,8413.65,8437.0,8282.1,8293.45,0,
27-Feb-25,8308.95,8364.65,8241.0,8334.8,0,
28-Feb-25,8272.25,8272.25,8119.55,8219.25,0,
03-Mar-25,8244.7,8344.55,8085.55,8316.3,0,
04-Mar-25,8197.2,8393.0,8157.9,8347.75,0,
05-Mar-25,8322.2,8693.9,8322.15,8685.2,0,
06-Mar-25,8762.5,8947.25,8734.65,8888.65,0,
07-Mar-25,8870.3,8978.05,8853.25,8926.9,0,
10-Mar-25,8924.65,9042.8,8825.6,8850.3,0,
11-Mar-25,8739.9,8915.85,8715.15,8897.3,0,
12-Mar-25,8941.35,8972.6,8725.8,8854.3,0,
13-Mar-25,8897.75,8920.4,8763.1,8777.65,0,
17-Mar-25,8810.2,8910.0,8803.85,8845.25,0,
18-Mar-25,8923.0,9041.6,8892.45,9033.45,0,
19-Mar-25,9142.3,9185.2,9076.85,9148.55,0,
20-Mar-25,9219.5,9274.0,9092.4,9254.1,0,
21-Mar-25,9282.85,9291.65,9166.4,9203.55,0,
24-Mar-25,9261.25,9305.55,9200.95,9262.85,0,
25-Mar-25,9291.35,9299.15,9098.2,9132.9,0,
26-Mar-25,9150.65,9212.7,9078.4,9097.7,0,
27-Mar-25,9066.85,9178.7,9057.1,9159.8,0,
28-Mar-25,9172.9,9235.2,9045.1,9092.5,0,
01-Apr-25,9015.85,9127.05,8975.55,9016.85,0,
02-Apr-25,9038.75,9097.6,8932.25,9080.05,0,
03-Apr-25,9006.2,9083.65,8963.05,9005.15,0,
04-Apr-25,8936.95,8945.5,8375.35,8414.45,0,
07-Apr-25,7691.0,7930.8,7690.2,7846.35,0,
08-Apr-25,8080.9,8161.4,7800.85,7965.6,0,
09-Apr-25,7924.85,7924.85,7764.45,7847.5,0,
11-Apr-25,8136.8,8229.0,8031.5,8168.3,0,
15-Apr-25,8332.4,8446.3,8282.85,8429.85,0,
16-Apr-25,8427.4,8478.45,8332.8,8454.8,0,
17-Apr-25,8403.0,8515.9,8348.5,8476.5,0,
21-Apr-25,8502.75,8674.0,8469.0,8653.5,0,
22-Apr-25,8759.15,8783.4,8658.5,8669.5,0,
23-Apr-25,8738.65,8747.65,8589.3,8737.3,0,
24-Apr-25,8729.5,8793.3,8705.4,8753.3,0,
25-Apr-25,8790.15,8833.75,8487.4,8569.75,0,
28-Apr-25,8554.2,8717.05,8551.15,8689.9,0,
29-Apr-25,8711.3,8762.4,8596.05,8607.15,0,
30-Apr-25,8600.85,8666.15,8524.55,8581.8,0,
02-May-25,8590.15,8714.55,8458.6,8518.4,0,
05-May-25,8523.1,8640.7,8505.9,8600.15,0,
06-May-25,8622.1,8655.6,8498.9,8524.7,0,
07-May-25,8428.55,8635.75,8428.2,8608.05,0,
08-May-25,8618.25,8640.25,8378.7,8428.4,0,
09-May-25,8258.8,8436.1,8256.2,8420.55,0,
12-May-25,8641.9,8925.65,8620.65,8914.25,0,
13-May-25,8907.9,8928.1,8814.8,8834.65,0,
14-May-25,8881.0,9085.05,8881.0,9052.1,0,
15-May-25,9067.1,9223.4,9029.65,9210.05,0,
16-May-25,9222.0,9242.9,9175.95,9201.85,0,
19-May-25,9222.1,9251.55,9161.65,9210.75,0,
20-May-25,9285.65,9343.35,9140.35,9156.05,0,
21-May-25,9185.85,9232.3,9124.45,9208.15,0,
22-May-25,9208.55,9234.45,9111.0,9179.65,0,
23-May-25,9205.1,9277.65,9170.75,9249.6,0,
26-May-25,9282.9,9379.5,9254.15,9336.45,0,
27-May-25,9338.85,9365.45,9262.95,9294.95,0,
28-May-25,9309.0,9321.65,9228.2,9239.5,0,
29-May-25,9313.75,9378.65,9279.15,9351.65,0,
30-May-25,9351.7,9384.45,9178.75,9193.25,0,
02-Jun-25,9130.75,9161.2,9047.95,9128.55,0,
03-Jun-25,9148.3,9204.2,9113.35,9122.3,0,
04-Jun-25,9129.45,9204.0,9064.65,9177.4,0,
05-Jun-25,9204.75,9258.95,9162.0,9231.5,0,
06-Jun-25,9261.7,9418.65,9246.55,9406.45,0,
09-Jun-25,9450.05,9523.9,9418.1,9477.0,0,
10-Jun-25,9522.4,9581.8,9499.05,9509.7,0,
11-Jun-25,9544.8,9573.6,9479.7,9495.8,0,
12-Jun-25,9503.75,9511.1,9323.85,9348.5,0,
13-Jun-25,9165.05,9311.0,9156.9,9258.8,0,
16-Jun-25,9272.5,9381.65,9167.1,9358.25,0,
17-Jun-25,9349.9,9366.9,9211.2,9224.4,0,
18-Jun-25,9215.45,9238.8,9120.55,9158.25,0,
19-Jun-25,9156.15,9158.25,8997.35,9040.45,0,
20-Jun-25,9035.35,9194.9,9025.1,9138.6,0,
23-Jun-25,9083.0,9245.05,9064.1,9198.55,0,
24-Jun-25,9290.7,9395.7,9261.15,9291.1,0,
25-Jun-25,9351.7,9354.25,9311.15,9329.2,0,
26-Jun-25,9360.45,9554.9,9354.35,9544.55,0,
27-Jun-25,9592.8,9678.45,9563.4,9578.2,0,
30-Jun-25,9604.2,9610.05,9510.8,9534.8,0,
01-Jul-25,9551.95,9573.95,9453.3,9564.55,0,
02-Jul-25,9584.35,9747.55,9538.75,9699.2,0,
03-Jul-25,9720.7,9786.15,9610.9,9623.45,0,
04-Jul-25,9644.25,9657.0,9522.05,9580.4,0,
07-Jul-25,9577.9,9578.55,9496.85,9522.15,0,
08-Jul-25,9524.25,9560.2,9483.8,9517.4,0,
09-Jul-25,9554.4,9554.45,9266.65,9384.5,0,
10-Jul-25,9403.7,9463.2,9366.4,9423.55,0,
11-Jul-25,9411.15,9476.65,9373.1,9382.85,0,
14-Jul-25,9379.65,9472.8,9352.55,9407.95,0,
15-Jul-25,9430.9,9444.3,9344.35,9411.95,0,
16-Jul-25,9407.15,9412.45,9334.05,9360.7,0,
17-Jul-25,9383.05,9473.3,9358.3,9423.35,0,
18-Jul-25,9439.85,9509.05,9398.75,9458.2,0,
21-Jul-25,9510.9,9585.35,9492.75,9555.5,0,
22-Jul-25,9576.25,9598.85,9522.3,9533.3,0,
23-Jul-25,9558.2,9594.85,9519.4,9579.05,0,
24-Jul-25,9595.7,9644.75,9554.3,9582.3,0,
25-Jul-25,9579.95,9584.9,9406.4,9425.1,0,
28-Jul-25,9418.1,9432.5,9288.5,9316.45,0,
29-Jul-25,9279.65,9427.35,9279.65,9409.7,0,
30-Jul-25,9426.65,9464.6,9379.2,9399.75,0,
31-Jul-25,9290.8,9402.45,9255.85,9285.45,0,
01-Aug-25,9281.8,9285.4,9086.35,9102.35,0,
04-Aug-25,9127.4,9350.6,9102.15,9327.85,0,
05-Aug-25,9347.15,9374.3,9290.15,9336.05,0,
06-Aug-25,9368.65,9368.65,9256.6,9298.75,0,
07-Aug-25,9253.4,9328.75,9144.1,9310.65,0,
08-Aug-25,9309.65,9327.3,9127.25,9147.1,0,
11-Aug-25,9153.35,9227.2,9134.45,9194.8,0,
12-Aug-25,9163.15,9280.7,9160.5,9229.7,0,
13-Aug-25,9285.7,9424.75,9275.3,9345.95,0,
14-Aug-25,9351.2,9362.25,9181.7,9216.25,0,
18-Aug-25,9335.0,9414.55,9290.75,9387.5,0,
19-Aug-25,9412.6,9463.6,9369.55,9457.5,0,
20-Aug-25,9433.7,9538.95,9407.85,9497.75,0,
21-Aug-25,9506.65,9538.35,9484.35,9493.65,0,
22-Aug-25,9494.35,9499.75,9363.15,9375.45,0,
25-Aug-25,9419.9,9477.0,9396.7,9436.75,0,
26-Aug-25,9412.85,9414.6,9256.8,9280.05,0,
28-Aug-25,9274.1,9312.1,9191.7,9210.5,0,
29-Aug-25,9226.9,9238.75,9132.2,9154.8,0,
01-Sep-25,9169.35,9316.7,9163.4,9305.3,0,
02-Sep-25,9318.9,9432.1,9269.7,9384.35,0,
03-Sep-25,9406.35,9685.8,9406.35,9676.4,0,
04-Sep-25,9734.45,9736.15,9605.95,9616.35,0,
05-Sep-25,9612.6,9700.9,9572.1,9681.65,0,
08-Sep-25,9722.6,9816.95,9708.4,9717.85,0,
09-Sep-25,9733.3,9766.25,9683.65,9734.2,0,
10-Sep-25,9767.6,9812.25,9730.8,9759.45,0,
11-Sep-25,9757.95,9837.65,9746.8,9792.95,0,
12-Sep-25,9828.35,9902.35,9800.25,9883.6,0,
15-Sep-25,9900.6,9951.45,9864.9,9891.0,0,
16-Sep-25,9917.1,9979.75,9891.85,9973.45,0,
17-Sep-25,10005.5,10018.7,9833.8,9923.15,0,
18-Sep-25,9932.0,9959.65,9868.35,9955.15,0,
19-Sep-25,9997.2,10016.1,9916.55,9989.9,0,
22-Sep-25,9984.5,10080.0,9980.8,10029.1,0,
23-Sep-25,10044.9,10168.2,9994.2,10129.0,0,
24-Sep-25,10118.2,10153.7,10050.1,10060.1,0,
25-Sep-25,10082.2,10187.3,10057.5,10082.5,0,
26-Sep-25,10087.2,10124.7,9871.8,9888.25,0,
29-Sep-25,9910.7,10002.7,9910.7,9923.1,0,
30-Sep-25,9978.45,10082.8,9963.65,10038.2,0,
01-Oct-25,10060.3,10102.5,9952.05,10093.0,0,
03-Oct-25,10108.9,10347.0,10108.7,10277.1,0,
06-Oct-25,10303.1,10315.4,10147.0,10185.5,0,
07-Oct-25,10193.8,10268.5,10150.2,10156.7,0,
08-Oct-25,10181.0,10209.5,10089.0,10136.5,0,
09-Oct-25,10164.0,10373.3,10148.6,10356.2,0,
10-Oct-25,10352.7,10357.2,10206.4,10261.5,0,
13-Oct-25,10218.0,10241.5,10156.0,10217.5,0,
14-Oct-25,10291.8,10340.8,10053.9,10116.8,0,
15-Oct-25,10139.9,10245.7,10120.2,10218.0,0,
16-Oct-25,10243.8,10294.5,10190.7,10287.2,0,
17-Oct-25,10286.8,10315.0,10154.0,10199.3,0,
20-Oct-25,10250.0,10253.2,10138.3,10191.8,0,
21-Oct-25,10236.8,10250.0,10215.3,10232.8,0,
23-Oct-25,10287.8,10319.1,10225.5,10241.8,0,
24-Oct-25,10320.8,10457.4,10314.8,10347.5,0,
27-Oct-25,10416.5,10477.6,10396.8,10467.2,0,
28-Oct-25,10465.8,10624.7,10455.3,10596.2,0,
29-Oct-25,10648.3,10837.5,10620.2,10777.5,0,
30-Oct-25,10758.7,10765.8,10656.0,10729.2,0,
31-Oct-25,10717.3,10724.8,10601.2,10612.2,0,
03-Nov-25,10644.0,10720.5,10629.0,10652.8,0,
04-Nov-25,10651.6,10670.5,10483.8,10499.0,0,
06-Nov-25,10416.7,10437.9,10245.2,10281.9,0,
07-Nov-25,10237.1,10470.8,10184.5,10426.8,0,
10-Nov-25,10474.8,10535.0,10465.1,10484.5,0,
11-Nov-25,10538.8,10589.2,10418.5,10559.1,0,
12-Nov-25,10593.7,10624.3,10533.0,10542.5,0,
13-Nov-25,10679.0,10721.3,10565.8,10588.6,0,
14-Nov-25,10578.4,10578.7,10446.8,10494.8,0,
17-Nov-25,10526.2,10531.5,10446.7,10495.8,0,
18-Nov-25,10481.5,10483.0,10325.6,10383.7,0,
19-Nov-25,10386.3,10417.7,10351.2,10384.2,0,
20-Nov-25,10446.7,10454.2,10370.2,10386.0,0,
21-Nov-25,10336.5,10336.5,10121.5,10142.5,0,
24-Nov-25,10163.3,10183.9,9997.9,10017.9,0,
25-Nov-25,10039.7,10129.2,10027.9,10073.4,0,
26-Nov-25,10105.7,10289.8,10096.0,10280.7,0,
27-Nov-25,10334.4,10379.6,10211.5,10273.8,0,
28-Nov-25,10300.3,10360.2,10247.1,10293.0,0,
01-Dec-25,10390.9,10418.9,10314.6,10353.2,0,
02-Dec-25,10344.2,10366.2,10292.7,10315.8,0,
03-Dec-25,10340.3,10347.2,10168.3,10265.2,0,
04-Dec-25,10324.2,10376.0,10248.3,10271.5,0,
05-Dec-25,10274.5,10366.8,10189.7,10340.3,0,
08-Dec-25,10352.6,10378.5,10109.3,10141.8,0,
09-Dec-25,10126.9,10149.3,9968.4,10112.7,0,
10-Dec-25,10133.2,10244.8,10119.3,10159.0,0,
11-Dec-25,10209.4,10273.0,10174.6,10266.8,0,
12-Dec-25,10335.0,10553.2,10331.5,10536.5,0,
15-Dec-25,10513.7,10565.0,10477.3,10553.2,0,
16-Dec-25,10527.1,10532.3,10380.7,10464.3,0,
17-Dec-25,10520.8,10551.6,10449.8,10490.2,0,
18-Dec-25,10490.2,10585.5,10430.5,10516.2,0,
19-Dec-25,10558.0,10560.2,10456.8,10521.1,0,
22-Dec-25,10602.5,10721.0,10575.5,10669.0,0,
23-Dec-25,10701.4,10770.7,10674.9,10727.0,0,
24-Dec-25,10772.5,10828.2,10724.0,10742.8,0,
26-Dec-25,10780.8,10836.0,10741.8,10806.2,0,
29-Dec-25,10921.6,10984.5,10751.0,10789.1,0,
30-Dec-25,10797.0,11029.7,10755.3,11007.7,0,
31-Dec-25,11154.5,11216.0,11108.9,11167.7,0,
01-Jan-26,11177.2,11269.2,11152.2,11256.0,0,
02-Jan-26,11280.1,11433.8,11276.0,11421.8,0,
05-Jan-26,11469.8,11532.1,11429.2,11490.8,0,
06-Jan-26,11533.0,11652.7,11475.6,11524.0,0,
07-Jan-26,11567.2,11612.2,11492.2,11524.0,0,
08-Jan-26,11517.5,11517.8,11107.2,11132.0,0,
09-Jan-26,11110.7,11208.1,11036.5,11094.8,0,
12-Jan-26,11162.2,11335.5,11048.2,11315.8,0,
13-Jan-26,11366.8,11441.0,11267.5,11355.2,0,
14-Jan-26,11399.4,11717.5,11352.2,11661.4,0,
16-Jan-26,11696.2,11729.7,11551.5,11600.0,0,
19-Jan-26,11603.5,11649.3,11557.2,11593.0,0,
20-Jan-26,11614.5,11692.5,11348.0,11374.5,0,
21-Jan-26,11376.7,11474.0,11247.0,11439.0,0,
22-Jan-26,11514.9,11685.8,11468.6,11573.7,0,
23-Jan-26,11674.0,11783.9,11460.8,11477.8,0,
27-Jan-26,11710.6,11865.6,11579.6,11829.7,0,
28-Jan-26,11911.0,12158.9,11828.5,12106.5,0,
29-Jan-26,12193.8,12509.8,12188.5,12478.0,0,
30-Jan-26,12265.2,12265.2,11776.2,11827.5,0,
01-Feb-26,11429.5,11676.8,11187.2,11348.7,0,
02-Feb-26,11343.1,11596.3,11227.9,11561.5,0,
03-Feb-26,11984.5,12041.3,11746.2,11893.2,0,
04-Feb-26,11959.7,12104.3,11937.5,12044.2,0,
05-Feb-26,11838.2,11934.2,11726.1,11921.2,0,
06-Feb-26,11823.8,11959.5,11756.0,11943.2,0,
09-Feb-26,12129.0,12243.2,12019.8,12129.5,0,
10-Feb-26,12194.1,12287.6,12098.0,12228.3,0,
11-Feb-26,12278.5,12291.3,12175.8,12276.5,0,
12-Feb-26,12257.3,12325.1,12206.5,12279.2,0,
13-Feb-26,12073.9,12086.5,11841.2,11872.8,0,
16-Feb-26,11776.5,11970.4,11749.1,11955.0,0,
17-Feb-26,11903.2,11921.7,11713.0,11828.4,0,
18-Feb-26,11856.1,12002.4,11844.7,11985.8,0,
19-Feb-26,12079.5,12098.2,11799.7,11842.4,0,
20-Feb-26,11856.3,12029.6,11812.2,11990.0,0,
23-Feb-26,12109.8,12112.9,11875.3,11962.8,0,
24-Feb-26,11934.5,12102.2,11912.5,12073.8,0,
25-Feb-26,12181.0,12430.2,12155.5,12399.4,0,
26-Feb-26,12453.5,12457.0,12348.9,12448.0,0,
27-Feb-26,12416.5,12437.6,12217.8,12240.7,0,
02-Mar-26,11909.9,12344.8,11896.0,12269.8,0,
04-Mar-26,12073.0,12105.2,11671.5,11779.8,0,
05-Mar-26,11861.0,12200.9,11849.6,12049.2,0,
06-Mar-26,12013.7,12166.3,11922.3,12000.5,0,
09-Mar-26,11751.7,11803.8,11516.7,11688.8,0,
10-Mar-26,11835.3,11907.5,11688.5,11868.5,0,
11-Mar-26,11929.2,12104.0,11793.7,11822.1,0,
12-Mar-26,11833.8,11917.5,11580.9,11863.9,0,
13-Mar-26,11801.2,11817.1,11249.5,11292.5,0,
16-Mar-26,11262.2,11415.8,11202.0,11318.0,0,
17-Mar-26,11380.6,11660.1,11273.6,11637.3,0,
18-Mar-26,11635.8,11676.2,11503.0,11625.5,0,
19-Mar-26,11389.5,11521.1,11198.8,11249.3,0,
20-Mar-26,11295.5,11583.2,11291.3,11412.8,0,
23-Mar-26,11215.2,11223.8,10819.8,10863.5,0,
24-Mar-26,11114.2,11150.8,10909.9,11059.2,0,
25-Mar-26,11195.3,11387.7,11172.3,11342.2,0,
27-Mar-26,11224.5,11292.8,11148.3,11161.7,0,
30-Mar-26,11154.9,11340.6,11088.0,11138.4,0,
01-Apr-26,11447.5,11573.0,11374.5,11412.0,0,
02-Apr-26,11307.0,11481.2,11052.5,11456.6,0,
06-Apr-26,11431.4,11608.7,11366.1,11583.5,0,
07-Apr-26,11602.7,11784.5,11529.5,11762.7,0,
08-Apr-26,12065.1,12140.2,11984.5,12079.0,0,
09-Apr-26,12089.8,12286.5,12042.5,12229.7,0,
10-Apr-26,12317.0,12387.2,12225.6,12356.4,0,
13-Apr-26,12147.8,12372.8,12104.3,12329.3,0,
15-Apr-26,12594.9,12644.2,12504.2,12548.0,0,
16-Apr-26,12629.7,12816.2,12603.3,12740.2,0,
17-Apr-26,12756.0,12902.7,12618.0,12880.0,0,
20-Apr-26,12854.6,12902.0,12698.5,12829.7,0,
21-Apr-26,12919.0,12986.6,12816.8,12835.0,0,
22-Apr-26,12862.5,12925.8,12825.8,12892.2,0,
23-Apr-26,12884.8,12888.9,12768.3,12786.2,0,
24-Apr-26,12779.0,12839.1,12618.3,12746.7,0,
27-Apr-26,12851.1,13033.2,12837.1,12980.8,0,
28-Apr-26,13002.7,13164.3,12978.5,13046.5,0,
29-Apr-26,13103.2,13159.5,12871.4,13111.3,0,
30-Apr-26,13056.0,13056.1,12805.8,12833.0,0,
04-May-26,12911.2,13025.8,12897.8,12972.7,0,
05-May-26,12955.2,13041.1,12881.0,12989.6,0,
06-May-26,13131.6,13196.0,13019.2,13129.5,0,
07-May-26,13182.7,13256.2,13129.8,13165.4,0,
08-May-26,13156.0,13167.2,13030.4,13051.0,0,
11-May-26,12997.5,13036.8,12914.6,12926.4,0,
12-May-26,12945.8,13076.7,12865.3,12881.4,0,
13-May-26,12949.6,13344.1,12949.2,13290.8,0,
14-May-26,13424.5,13580.0,13375.3,13562.2,0,
15-May-26,13628.7,13628.7,13257.5,13300.6,0,
18-May-26,13157.7,13212.3,12985.0,13170.0,0,
19-May-26,13209.2,13239.5,13103.8,13163.8,0,
20-May-26,13069.8,13201.2,13004.3,13186.5,0,
21-May-26,13312.0,13348.4,13181.5,13213.5,0,
22-May-26,13239.2,13293.8,13196.8,13271.6,0,
25-May-26,13355.7,13385.8,13271.7,13345.7,0,
26-May-26,13350.2,13516.3,13319.2,13492.5,0,
27-May-26,13556.7,13873.8,13555.8,13718.3,0,
29-May-26,13828.8,13828.8,13388.8,13441.0,0,
01-Jun-26,13505.2,13569.1,13396.0,13506.5,0,
02-Jun-26,13470.5,13629.2,13450.0,13557.7,0,
03-Jun-26,13588.7,13613.6,13384.3,13535.2,0,
04-Jun-26,13492.8,13545.2,13412.5,13436.0,0,
05-Jun-26,13438.3,13476.2,13125.8,13221.7,0,
08-Jun-26,13011.1,13075.5,12849.9,12913.7,0,
09-Jun-26,12968.5,13011.2,12877.5,12987.1,0,
10-Jun-26,12963.5,12964.3,12741.8,12766.5,0,
11-Jun-26,12664.5,12839.8,12627.6,12733.6,0,
12-Jun-26,12928.3,12934.0,12744.2,12854.5,0,
15-Jun-26,13004.9,13931.3,12974.9,13083.8,0,
16-Jun-26,12984.5,12984.5,12783.7,12881.5,0,
17-Jun-26,12849.0,13066.7,12757.7,13011.4,0,
18-Jun-26,13008.2,13101.0,12948.5,13010.4,0,
19-Jun-26,12928.5,13050.7,12846.2,13020.8,0,
22-Jun-26,13053.8,13106.4,12986.5,13091.2,0,
23-Jun-26,12987.7,12987.7,12617.8,12669.1,0,
24-Jun-26,12612.0,12712.5,12497.2,12618.8,0,
25-Jun-26,12561.5,12575.2,12428.2,12445.7,0,
29-Jun-26,12447.2,12576.8,12442.9,12545.0,0,
30-Jun-26,12529.2,12573.0,12442.1,12519.2,0,
01-Jul-26,12515.3,12522.9,12375.0,12394.8,0,
02-Jul-26,12450.8,12590.2,12446.8,12503.9,0,
03-Jul-26,12653.8,12744.5,12577.8,12598.5,0,
06-Jul-26,12648.2,12739.8,12595.3,12722.5,0,
07-Jul-26,12689.6,12707.2,12553.9,12582.8,0,
08-Jul-26,12482.2,12655.7,12394.5,12468.7,0,
09-Jul-26,12506.3,12579.4,12422.0,12503.3,0,
10-Jul-26,12626.2,12822.0,12610.0,12688.9,0,
13-Jul-26,12584.7,12615.2,12510.5,12601.5,0,
14-Jul-26,12566.3,12768.2,12565.8,12677.7,0,
15-Jul-26,12700.3,12728.2,12528.8,12536.9,0,
