date,close,rsRatio,rsMom
11-07-2025,37693.2,98,98.5
14-07-2025,37273.7,97.9112414,98.4881012
15-07-2025,37424.6,97.7451706,98.45554203
16-07-2025,37660.8,97.635636,98.41264035
17-07-2025,37138.6,97.4091678,98.34510875
18-07-2025,37141.9,97.2854869,98.2700025
21-07-2025,37031.8,97.08362748,98.1778656
22-07-2025,36858.9,96.9595242,98.08137993
23-07-2025,36951.5,96.7969618,97.97597015
24-07-2025,36135.8,96.4168688,97.83367705
25-07-2025,35623.8,96.103945,97.6684236
28-07-2025,35370.1,95.82207348,97.49906861
29-07-2025,35373.2,95.5112018,97.3323613
30-07-2025,35481.7,95.3738989,97.18381345
31-07-2025,35301.6,95.416279,97.09061275
01-08-2025,34649.6,95.4104872,97.02540575
04-08-2025,35203.4,95.4542442,97.0015983
05-08-2025,35034.5,95.4456692,96.99633249
06-08-2025,34426.2,95.3454201,96.99988046
07-08-2025,34726.8,95.3912596,97.06019595
08-08-2025,34398.5,95.532899,97.1741309
11-08-2025,34544.6,95.6298406,97.3245601
12-08-2025,34674.3,95.7402621,97.51278375
13-08-2025,34692.9,95.742129,97.69512695
14-08-2025,34833.2,95.82885508,97.85922795
18-08-2025,34634.9,95.4001727,97.94324845
19-08-2025,34756.7,94.9815755,97.95244835
20-08-2025,35690.1,94.9886119,97.9625643
21-08-2025,35723.9,95.10293968,98.0008217
22-08-2025,35440.9,95.177208,98.03790695
25-08-2025,36280.1,95.5225698,98.0981003
26-08-2025,36063.2,95.8263698,98.1786733
28-08-2025,35488.8,95.9817488,98.25464635
29-08-2025,35181.2,96.1505244,98.34338106
01-09-2025,35740.6,96.19373848,98.41426954
02-09-2025,35737.9,96.305188,98.55029016
03-09-2025,35474.9,96.2650472,98.7210537
04-09-2025,35143.1,96.06278892,98.84009686
05-09-2025,34635.9,95.6386704,98.86873475
08-09-2025,34310.4,94.8459239,98.77385955
09-09-2025,35255.9,94.520902,98.5996229
10-09-2025,36183.8,94.747625,98.4384966
11-09-2025,36003.5,94.9644402,98.30749653
12-09-2025,36110.8,95.1694954,98.1991613
15-09-2025,35902.2,95.3809647,98.1283004
16-09-2025,36212.1,95.5528028,98.07526209
17-09-2025,36447.1,95.7644436,98.06359181
18-09-2025,36750.2,96.081405,98.12433085
19-09-2025,36578.2,96.3823434,98.2765429
22-09-2025,35500.1,96.3564812,98.5155039
23-09-2025,35249.1,96.226788,98.75045595
24-09-2025,34994.3,96.205277,98.9191175
25-09-2025,34548.3,96.158776,99.02840325
26-09-2025,33702,95.9305634,99.06298266
29-09-2025,33693.1,95.76615468,99.04095609
30-09-2025,33655.1,95.6141508,98.97726205
01-10-2025,33905.2,95.5223934,98.8804267
03-10-2025,33949.8,95.5173072,98.75260325
06-10-2025,34722.6,95.7812702,98.6370135
07-10-2025,34709.4,96.00162908,98.5703881
08-10-2025,35232.2,96.591789,98.6108125
09-10-2025,35628.5,97.2251434,98.73526331
10-10-2025,35609.1,97.71025908,98.91579805
13-10-2025,35330.8,98.0285082,99.1475784
14-10-2025,35214.9,98.2676919,99.4042891
15-10-2025,35401.8,98.49039592,99.67879875
16-10-2025,35531.1,98.5487118,99.937706
17-10-2025,34950.7,98.2912952,100.1274308
20-10-2025,35292.6,98.1973034,100.2417164
21-10-2025,35299.8,98.0769496,100.2934092
23-10-2025,36078.6,98.2220239,100.2759412
24-10-2025,35986.4,98.3255658,100.1877975
27-10-2025,36129.1,98.368921,100.0512864
28-10-2025,35860.4,98.3408538,99.886289
29-10-2025,36090.1,98.4911858,99.7313288
30-10-2025,35906.4,98.61362112,99.5835788
31-10-2025,35712.4,98.6577956,99.4536376
03-11-2025,35653.1,98.65474388,99.37504839
04-11-2025,35274.6,98.6230056,99.31531405
06-11-2025,35337.6,98.6097168,99.27794808
07-11-2025,35117.6,98.4429208,99.20375295
10-11-2025,35688.2,98.4383442,99.12499235
11-11-2025,36116.9,98.4281424,99.04956105
12-11-2025,36855.4,98.4922148,98.9964991
13-11-2025,36679.5,98.52373552,98.9346411
14-11-2025,36301.2,98.4795777,98.8588355
17-11-2025,36375.2,98.35720412,98.7709735
18-11-2025,35975.2,98.1614991,98.6691836
19-11-2025,37044.6,98.3374336,98.60859625
20-11-2025,37043.3,98.4272016,98.56980695
21-11-2025,36885.4,98.450996,98.56157728
24-11-2025,37037.9,98.5571202,98.56921595
25-11-2025,36826.9,98.5901854,98.58160725
26-11-2025,37364.6,98.64248212,98.59076775
27-11-2025,37446.3,98.7293699,98.60607465
28-11-2025,37405.5,98.695457,98.6207216
01-12-2025,37549.8,98.6058752,98.6378212
02-12-2025,37541.2,98.53111492,98.6689078
03-12-2025,37825.2,98.7061782,98.69563085
04-12-2025,38360.2,98.9677206,98.74166581
05-12-2025,38703.6,99.1709334,98.80548298
08-12-2025,38590.7,99.4149436,98.87906149
09-12-2025,38130.6,99.5312598,98.953888
10-12-2025,37789.9,99.5050644,99.00821075
11-12-2025,38097,99.41693692,99.03191576
12-12-2025,38274.8,99.3078688,99.0424789
15-12-2025,38386.3,99.34136912,99.06811845
16-12-2025,38062.5,99.2467168,99.0877495
17-12-2025,38172.1,99.2066593,99.07597875
18-12-2025,38633.4,99.3690012,99.05243134
19-12-2025,38691.6,99.325205,98.99920293
22-12-2025,39488,99.3994939,98.9306026
23-12-2025,39173.7,99.32793332,98.84635555
24-12-2025,38974.8,99.1914889,98.75878905
26-12-2025,38572.3,99.0021872,98.66948895
29-12-2025,38282.7,98.8170505,98.58198155
30-12-2025,37998.6,98.4405688,98.45196155
31-12-2025,37884.1,97.9647543,98.28872735
01-01-2026,38171.5,97.54341408,98.09671145
02-01-2026,38320.3,97.11558332,97.852658
05-01-2026,37771.1,96.5824006,97.57629655
06-01-2026,37977.4,96.2210207,97.27949635
07-01-2026,38688.8,96.2687222,97.03773303
08-01-2026,37920.3,96.2313646,96.84077341
09-01-2026,38027.2,96.4130076,96.718529
12-01-2026,37988.2,96.63280592,96.66576255
13-01-2026,38236.6,96.9771201,96.71508544
14-01-2026,37822.7,97.2476932,96.8569412
16-01-2026,39086.6,97.9634362,97.1325639
19-01-2026,38902.5,98.4896472,97.5007175
20-01-2026,38101.1,98.9687202,97.95844208
21-01-2026,37992.3,99.33571648,98.45578335
22-01-2026,38301.8,99.5932105,98.9152169
23-01-2026,38238.5,99.8808062,99.3579153
27-01-2026,38566.1,100.2748936,99.76959113
28-01-2026,38725.4,100.4823449,100.1235006
29-01-2026,38431.3,100.5815395,100.3951735
30-01-2026,38036.1,100.3664158,100.5636637
01-02-2026,38252.9,100.4725351,100.6248913
02-02-2026,38074.1,100.1677208,100.5653421
03-02-2026,38611.8,99.70059988,100.3870827
04-02-2026,36345.6,98.422086,100.0146739
05-02-2026,36143.3,97.3944531,99.52276983
06-02-2026,35611.1,96.4644429,98.9371824
09-02-2026,35616.6,95.6287626,98.2703768
10-02-2026,35722.2,94.870713,97.56753005
11-02-2026,35095.1,93.971269,96.8287308
12-02-2026,33160.2,92.730981,96.05244245
13-02-2026,32681.5,91.7792295,95.24243263
16-02-2026,32738.1,91.2234764,94.50406579
17-02-2026,33075.1,90.9660598,93.8862797
18-02-2026,32668.3,90.7112353,93.47251075
19-02-2026,32319.4,90.7959171,93.25305275
20-02-2026,32004.1,90.8915308,93.19390941
23-02-2026,31550.5,90.9061034,93.25279665
24-02-2026,30053.5,90.5834286,93.35891464
25-02-2026,30526.3,90.4257858,93.5488778
26-02-2026,30554.2,90.364624,93.8738884
27-02-2026,30603.8,90.6755682,94.33277035
02-03-2026,30272.9,91.20174,94.8852667
04-03-2026,30305.3,92.04974772,95.52369445
05-03-2026,30126.8,92.5519644,96.1870427
06-03-2026,30138.4,93.1627494,96.8377928
09-03-2026,30162.1,94.2422684,97.54357978
10-03-2026,30024.1,94.78691712,98.23176874
11-03-2026,29651.7,95.521629,98.98350695
12-03-2026,29579.4,96.5488356,99.8083361
13-03-2026,29071.3,97.66696072,100.6951907
16-03-2026,29042.6,98.36038912,101.5155627
17-03-2026,28760.9,98.5028674,102.1648698
18-03-2026,29559.3,98.6693792,102.6206884
19-03-2026,28579.6,98.8602048,102.9664136
20-03-2026,29199.6,99.1231682,103.2111467
23-03-2026,29147.1,99.6673818,103.3390194
24-03-2026,29648.9,99.9751557,103.4126826
25-03-2026,29671.3,99.88454392,103.3575177
27-03-2026,29541.7,100.0526149,103.1864626
30-03-2026,29062.6,100.2550878,102.9096244
01-04-2026,29669.1,100.3604672,102.5887252
02-04-2026,30441.4,100.7968024,102.3494145
06-04-2026,30636.6,101.0452618,102.1523997
07-04-2026,31403.3,101.52408,102.0193065
08-04-2026,31565.8,101.0839963,101.809866
09-04-2026,31636.2,100.7257132,101.5080127
10-04-2026,31030.6,99.7874808,101.0822859
13-04-2026,30669.8,99.0924746,100.6338351
15-04-2026,31539.8,98.65168628,100.1654341
16-04-2026,31817.5,98.4448416,99.706231
17-04-2026,31809.8,98.242011,99.2681818
20-04-2026,31585.8,97.926843,98.7918161
21-04-2026,31729.1,97.6795596,98.3154504
22-04-2026,30496.2,97.099772,97.76772145
23-04-2026,30124.3,96.78674628,97.30703695
24-04-2026,28530.6,96.0435966,96.85561145
27-04-2026,29159.2,95.5796548,96.5210562
28-04-2026,28959.9,95.34135212,96.28775895
29-04-2026,29245.2,95.1845335,96.1211462
30-04-2026,29353.9,95.2412902,96.01094933
04-05-2026,29076.2,95.15687692,95.9303911
05-05-2026,29107.3,95.0682173,95.8896318
06-05-2026,29267.9,94.8437483,95.85638805
07-05-2026,29043.5,94.4365338,95.84864595
08-05-2026,29394.2,94.356017,95.87232535
11-05-2026,29329.4,94.56172292,96.02005073
12-05-2026,28234.9,94.6448916,96.22227024
13-05-2026,27916.7,94.7569938,96.44547223
14-05-2026,27360.3,94.6259482,96.64233334
15-05-2026,27716.9,94.6979733,96.81510234
18-05-2026,28389.8,95.2885262,97.05792553
19-05-2026,29308,96.1686348,97.40222341
20-05-2026,29185.2,96.7669934,97.8149128
21-05-2026,29021.1,97.19165288,98.289407
22-05-2026,28912.5,97.50216,98.75539573
25-05-2026,28979.8,97.5958382,99.14274599
26-05-2026,28978.5,97.6656926,99.47622365
27-05-2026,28906.7,97.4988084,99.7260689
29-05-2026,29080.2,97.6639188,99.9842374
01-06-2026,29854.2,98.3384528,100.2912264
02-06-2026,31116.6,99.3017193,100.6055262
03-06-2026,29384.4,99.3029198,100.7528231
04-06-2026,29300.6,99.1798024,100.7799204
05-06-2026,29010.3,98.8929368,100.7058189
08-06-2026,28653.6,98.7209174,100.5758777
09-06-2026,28516.2,98.3745658,100.4038868
10-06-2026,28279.9,98.0895818,100.2070346
11-06-2026,27821.1,97.687184,100.0048042
12-06-2026,27795.8,97.1294366,99.73228425
15-06-2026,28067.9,96.4944064,99.3217067
16-06-2026,28568.1,96.2278023,98.8056061
17-06-2026,28809.6,96.1795912,98.3517772
18-06-2026,28466.4,96.0087184,97.95162588
19-06-2026,27426.8,95.5752791,97.584147
22-06-2026,27628.6,95.36331,97.25957965
23-06-2026,27012.1,95.085823,96.98590725
24-06-2026,27566.7,95.2094794,96.80216535
25-06-2026,27330.8,95.0163312,96.66947009
29-06-2026,27038.5,95.0500628,96.63237598
30-06-2026,26299.1,94.7982665,96.6505443
01-07-2026,25769.8,94.3117063,96.63562155
02-07-2026,26965.1,94.35478808,96.63503055
03-07-2026,27439.4,94.6974049,96.70431545
06-07-2026,27276.4,94.792411,96.83616755
07-07-2026,27939.2,95.21607088,97.03773303
08-07-2026,27555.2,95.73915568,97.32294076
09-07-2026,27471.2,96.2147144,97.6185432
10-07-2026,28010.4,96.7836583,97.9803534
13-07-2026,29015.8,97.654354,98.40948244
14-07-2026,28724.8,98.4396182,98.92602235
15-07-2026,28532.2,98.9571807,99.516126